#
# There is insufficient memory for the Java Runtime Environment to continue.
# Native memory allocation (mmap) failed to map 2097152 bytes. Error detail: G1 virtual space
# Possible reasons:
#   The system is out of physical RAM or swap space
#   This process is running with CompressedOops enabled, and the Java Heap may be blocking the growth of the native heap
# Possible solutions:
#   Reduce memory load on the system
#   Increase physical memory or swap space
#   Check if swap backing store is full
#   Decrease Java heap size (-Xmx/-Xms)
#   Decrease number of Java threads
#   Decrease Java thread stack sizes (-Xss)
#   Set larger code cache with -XX:ReservedCodeCacheSize=
#   JVM is running with Zero Based Compressed Oops mode in which the Java heap is
#     placed in the first 32GB address space. The Java Heap base address is the
#     maximum limit for the native heap growth. Please use -XX:HeapBaseMinAddress
#     to set the Java Heap base and to place the Java Heap above 32GB virtual address.
# This output file may be truncated or incomplete.
#
#  Out of Memory Error (os_windows.cpp:3613), pid=41088, tid=33396
#
# JRE version: OpenJDK Runtime Environment Temurin-17.0.11+9 (17.0.11+9) (build 17.0.11+9)
# Java VM: OpenJDK 64-Bit Server VM Temurin-17.0.11+9 (17.0.11+9, mixed mode, tiered, compressed oops, compressed class ptrs, g1 gc, windows-amd64)
# No core dump will be written. Minidumps are not enabled by default on client versions of Windows
#

---------------  S U M M A R Y ------------

Command Line: -ea -Dfile.encoding=UTF-8 -Dstdout.encoding=UTF-8 -Dstderr.encoding=UTF-8 -XX:+ShowCodeDetailsInExceptionMessages org.testng.remote.RemoteTestNG -serport 57349 -protocol json -d D:\AutomationFramework_SVM_2025_April\LRP_Automation_Test_Scripts_V8.1\test-output D:\AutomationFramework_SVM_2025_April\LRP_Automation_Test_Scripts_V8.1\testng.xml

Host: 11th Gen Intel(R) Core(TM) i5-1135G7 @ 2.40GHz, 8 cores, 11G,  Windows 11 , 64 bit Build 26100 (10.0.26100.3775)
Time: Tue May 13 16:36:17 2025 India Standard Time elapsed time: 1564.686860 seconds (0d 0h 26m 4s)

---------------  T H R E A D  ---------------

Current thread (0x00000296d4bd0fb0):  JavaThread "main" [_thread_in_vm, id=33396, stack(0x000000ef12500000,0x000000ef12600000)]

Stack: [0x000000ef12500000,0x000000ef12600000]
Native frames: (J=compiled Java code, j=interpreted, Vv=VM code, C=native code)
V  [jvm.dll+0x67d429]
V  [jvm.dll+0x834b7a]
V  [jvm.dll+0x83663e]
V  [jvm.dll+0x836ca3]
V  [jvm.dll+0x247dbf]
V  [jvm.dll+0x67a269]
V  [jvm.dll+0x66ecda]
V  [jvm.dll+0x30797b]
V  [jvm.dll+0x30ee26]
V  [jvm.dll+0x35e4eb]
V  [jvm.dll+0x35eb24]
V  [jvm.dll+0x35e6d6]
V  [jvm.dll+0x2dec04]
V  [jvm.dll+0x2dac16]
V  [jvm.dll+0x610253]
V  [jvm.dll+0x212215]
V  [jvm.dll+0x7fe976]
V  [jvm.dll+0x6d9a89]
C  0x00000296df8b0b29

The last pc belongs to _new_array_nozero_Java (printed below).
Java frames: (J=compiled Java code, j=interpreted, Vv=VM code)
v  ~RuntimeStub::_new_array_nozero_Java
J 9672 c2 java.lang.StringBuffer.append(Ljava/lang/String;)Ljava/lang/StringBuffer; java.base@17.0.11 (13 bytes) @ 0x00000296e04d9828 [0x00000296e04d90c0+0x0000000000000768]
J 10379 c2 java.io.StringWriter.write(Ljava/lang/String;)V java.base@17.0.11 (10 bytes) @ 0x00000296e058e8e0 [0x00000296e058e8a0+0x0000000000000040]
J 10332 c1 freemarker.core.DollarVariable.accept(Lfreemarker/core/Environment;)[Lfreemarker/core/TemplateElement; (228 bytes) @ 0x00000296d88079b4 [0x00000296d8807480+0x0000000000000534]
J 10443 c2 freemarker.core.Environment.visit(Lfreemarker/core/TemplateElement;)V (87 bytes) @ 0x00000296e05a3b88 [0x00000296e05a3aa0+0x00000000000000e8]
J 10443 c2 freemarker.core.Environment.visit(Lfreemarker/core/TemplateElement;)V (87 bytes) @ 0x00000296e05a3d24 [0x00000296e05a3aa0+0x0000000000000284]
J 10453 c2 freemarker.core.Environment.visit([Lfreemarker/core/TemplateElement;)V (136 bytes) @ 0x00000296e05af1f4 [0x00000296e05af160+0x0000000000000094]
J 10437 c1 freemarker.core.Environment.invokeMacroOrFunctionCommonPart(Lfreemarker/core/Macro;Ljava/util/Map;Ljava/util/List;Ljava/util/List;Lfreemarker/core/TemplateObject;)V (246 bytes) @ 0x00000296d8c3e7bc [0x00000296d8c3e1a0+0x000000000000061c]
J 10407 c1 freemarker.core.Environment.invokeMacro(Lfreemarker/core/Macro;Ljava/util/Map;Ljava/util/List;Ljava/util/List;Lfreemarker/core/TemplateObject;)V (12 bytes) @ 0x00000296d8d08414 [0x00000296d8d083a0+0x0000000000000074]
J 10406 c1 freemarker.core.UnifiedCall.accept(Lfreemarker/core/Environment;)[Lfreemarker/core/TemplateElement; (320 bytes) @ 0x00000296d89455cc [0x00000296d8944000+0x00000000000015cc]
J 10443 c2 freemarker.core.Environment.visit(Lfreemarker/core/TemplateElement;)V (87 bytes) @ 0x00000296e05a3b88 [0x00000296e05a3aa0+0x00000000000000e8]
J 10453 c2 freemarker.core.Environment.visit([Lfreemarker/core/TemplateElement;)V (136 bytes) @ 0x00000296e05af1f4 [0x00000296e05af160+0x0000000000000094]
j  freemarker.core.IteratorBlock$IterationContext.executedNestedContentForCollOrSeqListing(Lfreemarker/core/Environment;[Lfreemarker/core/TemplateElement;)Z+291
j  freemarker.core.IteratorBlock$IterationContext.executeNestedContent(Lfreemarker/core/Environment;[Lfreemarker/core/TemplateElement;)Z+13
j  freemarker.core.IteratorBlock$IterationContext.accept(Lfreemarker/core/Environment;)Z+9
j  freemarker.core.Environment.visitIteratorBlock(Lfreemarker/core/IteratorBlock$IterationContext;)Z+7
j  freemarker.core.IteratorBlock.acceptWithResult(Lfreemarker/core/Environment;)Z+54
j  freemarker.core.IteratorBlock.accept(Lfreemarker/core/Environment;)[Lfreemarker/core/TemplateElement;+2
j  freemarker.core.Environment.visit([Lfreemarker/core/TemplateElement;)V+42
j  freemarker.core.Environment.invokeMacroOrFunctionCommonPart(Lfreemarker/core/Macro;Ljava/util/Map;Ljava/util/List;Ljava/util/List;Lfreemarker/core/TemplateObject;)V+120
j  freemarker.core.Environment.invokeMacro(Lfreemarker/core/Macro;Ljava/util/Map;Ljava/util/List;Ljava/util/List;Lfreemarker/core/TemplateObject;)V+8
j  freemarker.core.UnifiedCall.accept(Lfreemarker/core/Environment;)[Lfreemarker/core/TemplateElement;+106
j  freemarker.core.Environment.visit(Lfreemarker/core/TemplateElement;)V+7
j  freemarker.core.Environment.visit(Lfreemarker/core/TemplateElement;)V+48
j  freemarker.core.Environment.visit(Lfreemarker/core/TemplateElement;)V+48
j  freemarker.core.Environment.visit(Lfreemarker/core/TemplateElement;)V+48
j  freemarker.core.Environment.include(Lfreemarker/template/Template;)V+37
j  freemarker.core.Include.accept(Lfreemarker/core/Environment;)[Lfreemarker/core/TemplateElement;+301
j  freemarker.core.Environment.visit(Lfreemarker/core/TemplateElement;)V+7
j  freemarker.core.Environment.visit([Lfreemarker/core/TemplateElement;)V+89
j  freemarker.core.IteratorBlock$IterationContext.executedNestedContentForCollOrSeqListing(Lfreemarker/core/Environment;[Lfreemarker/core/TemplateElement;)Z+291
j  freemarker.core.IteratorBlock$IterationContext.executeNestedContent(Lfreemarker/core/Environment;[Lfreemarker/core/TemplateElement;)Z+13
j  freemarker.core.IteratorBlock$IterationContext.accept(Lfreemarker/core/Environment;)Z+9
j  freemarker.core.Environment.visitIteratorBlock(Lfreemarker/core/IteratorBlock$IterationContext;)Z+7
j  freemarker.core.IteratorBlock.acceptWithResult(Lfreemarker/core/Environment;)Z+54
j  freemarker.core.IteratorBlock.accept(Lfreemarker/core/Environment;)[Lfreemarker/core/TemplateElement;+2
j  freemarker.core.Environment.visit(Lfreemarker/core/TemplateElement;)V+7
j  freemarker.core.Environment.visit(Lfreemarker/core/TemplateElement;)V+48
j  freemarker.core.Environment.include(Lfreemarker/template/Template;)V+37
j  freemarker.core.Include.accept(Lfreemarker/core/Environment;)[Lfreemarker/core/TemplateElement;+301
j  freemarker.core.Environment.visit([Lfreemarker/core/TemplateElement;)V+42
j  freemarker.core.IteratorBlock$IterationContext.executedNestedContentForCollOrSeqListing(Lfreemarker/core/Environment;[Lfreemarker/core/TemplateElement;)Z+291
j  freemarker.core.IteratorBlock$IterationContext.executeNestedContent(Lfreemarker/core/Environment;[Lfreemarker/core/TemplateElement;)Z+13
j  freemarker.core.IteratorBlock$IterationContext.accept(Lfreemarker/core/Environment;)Z+9
j  freemarker.core.Environment.visitIteratorBlock(Lfreemarker/core/IteratorBlock$IterationContext;)Z+7
j  freemarker.core.IteratorBlock.acceptWithResult(Lfreemarker/core/Environment;)Z+54
j  freemarker.core.IteratorBlock.accept(Lfreemarker/core/Environment;)[Lfreemarker/core/TemplateElement;+2
j  freemarker.core.Environment.visit(Lfreemarker/core/TemplateElement;)V+7
j  freemarker.core.Environment.visit(Lfreemarker/core/TemplateElement;)V+48
j  freemarker.core.Environment.process()V+31
j  freemarker.template.Template.process(Ljava/lang/Object;Ljava/io/Writer;)V+7
j  com.aventstack.extentreports.templating.FreemarkerTemplate.processTemplate(Lfreemarker/template/Template;Ljava/util/Map;)Ljava/lang/String;+11
j  com.aventstack.extentreports.templating.FreemarkerTemplate.getSource(Lfreemarker/template/Template;Ljava/util/Map;)Ljava/lang/String;+3
j  com.aventstack.extentreports.templating.FreemarkerTemplate.writeTemplate(Lfreemarker/template/Template;Ljava/util/Map;Ljava/io/File;)V+3
j  com.aventstack.extentreports.reporter.AbstractFileReporter.processTemplate(Lfreemarker/template/Template;Ljava/io/File;)V+19
j  com.aventstack.extentreports.reporter.ExtentSparkReporter.flush(Lcom/aventstack/extentreports/observer/entity/ReportEntity;)V+127
j  com.aventstack.extentreports.reporter.ExtentSparkReporter$1.onNext(Lcom/aventstack/extentreports/observer/entity/ReportEntity;)V+5
j  com.aventstack.extentreports.reporter.ExtentSparkReporter$1.onNext(Ljava/lang/Object;)V+5
j  io.reactivex.rxjava3.subjects.PublishSubject$PublishDisposable.onNext(Ljava/lang/Object;)V+12
j  io.reactivex.rxjava3.subjects.PublishSubject.onNext(Ljava/lang/Object;)V+39
j  com.aventstack.extentreports.ReactiveSubject.onFlush()V+17
j  com.aventstack.extentreports.AbstractProcessor.onFlush()V+22
j  com.aventstack.extentreports.ExtentReports.flush()V+1
j  commonMethods.Testcases.runTestForDataset(Lcom/aventstack/extentreports/ExtentTest;Lcom/aventstack/extentreports/ExtentTest;Ljava/lang/String;Ljava/lang/Object;Ljava/lang/String;)V+1377
j  commonMethods.Testcases.TC_End_To_End_SC001()V+22
v  ~StubRoutines::call_stub
j  jdk.internal.reflect.NativeMethodAccessorImpl.invoke0(Ljava/lang/reflect/Method;Ljava/lang/Object;[Ljava/lang/Object;)Ljava/lang/Object;+0 java.base@17.0.11
j  jdk.internal.reflect.NativeMethodAccessorImpl.invoke(Ljava/lang/Object;[Ljava/lang/Object;)Ljava/lang/Object;+133 java.base@17.0.11
J 3722 c1 jdk.internal.reflect.DelegatingMethodAccessorImpl.invoke(Ljava/lang/Object;[Ljava/lang/Object;)Ljava/lang/Object; java.base@17.0.11 (10 bytes) @ 0x00000296d8a39e84 [0x00000296d8a39e20+0x0000000000000064]
J 3721 c1 java.lang.reflect.Method.invoke(Ljava/lang/Object;[Ljava/lang/Object;)Ljava/lang/Object; java.base@17.0.11 (65 bytes) @ 0x00000296d8a39a0c [0x00000296d8a398e0+0x000000000000012c]
j  org.testng.internal.invokers.MethodInvocationHelper.invokeMethod(Ljava/lang/reflect/Method;Ljava/lang/Object;[Ljava/lang/Object;)Ljava/lang/Object;+207
j  org.testng.internal.invokers.TestInvoker.invokeMethod(Lorg/testng/internal/invokers/TestMethodArguments;Lorg/testng/xml/XmlSuite;Lorg/testng/internal/invokers/ITestInvoker$FailureContext;)Lorg/testng/ITestResult;+1038
j  org.testng.internal.invokers.TestInvoker.invokeTestMethod(Lorg/testng/internal/invokers/TestMethodArguments;Lorg/testng/xml/XmlSuite;Lorg/testng/internal/invokers/ITestInvoker$FailureContext;)Lorg/testng/ITestResult;+16
j  org.testng.internal.invokers.MethodRunner.runInSequence(Lorg/testng/internal/invokers/TestMethodArguments;Lorg/testng/internal/invokers/ITestInvoker;Lorg/testng/ITestContext;Ljava/util/concurrent/atomic/AtomicInteger;Lorg/testng/internal/invokers/ITestInvoker$FailureContext;Ljava/util/Iterator;Z)Ljava/util/List;+127
j  org.testng.internal.invokers.TestInvoker$MethodInvocationAgent.invoke(I)I+384
j  org.testng.internal.invokers.TestInvoker.invokeTestMethods(Lorg/testng/ITestNGMethod;Lorg/testng/internal/ConfigurationGroupMethods;Ljava/lang/Object;Lorg/testng/ITestContext;)Ljava/util/List;+574
j  org.testng.internal.invokers.TestMethodWorker.invokeTestMethods(Lorg/testng/ITestNGMethod;Ljava/lang/Object;)V+14
j  org.testng.internal.invokers.TestMethodWorker.run()V+162
j  org.testng.TestRunner$$Lambda$261+0x00000008003ae820.accept(Ljava/lang/Object;)V+7
j  java.util.ArrayList.forEach(Ljava/util/function/Consumer;)V+46 java.base@17.0.11
j  org.testng.TestRunner.privateRun(Lorg/testng/xml/XmlTest;)V+325
j  org.testng.TestRunner.run()V+11
j  org.testng.SuiteRunner.runTest(Lorg/testng/TestRunner;)V+21
j  org.testng.SuiteRunner.runSequentially()V+31
j  org.testng.SuiteRunner.privateRun()V+341
j  org.testng.SuiteRunner.run()V+6
j  org.testng.SuiteRunnerWorker.runSuite(Lorg/testng/internal/invokers/SuiteRunnerMap;Lorg/testng/xml/XmlSuite;)V+56
j  org.testng.SuiteRunnerWorker.run()V+12
j  org.testng.TestNG.runSuitesSequentially(Lorg/testng/xml/XmlSuite;Lorg/testng/internal/invokers/SuiteRunnerMap;ILjava/lang/String;)V+66
j  org.testng.TestNG.runSuitesLocally()Ljava/util/List;+190
j  org.testng.TestNG.runSuites()Ljava/util/List;+1
j  org.testng.TestNG.run()V+25
j  org.testng.remote.AbstractRemoteTestNG.run()V+149
j  org.testng.remote.RemoteTestNG.initAndRun(Lorg/testng/remote/IRemoteTestNG;[Ljava/lang/String;Lorg/testng/CommandLineArgs;Lorg/testng/remote/RemoteArgs;)V+272
j  org.testng.remote.RemoteTestNG.main([Ljava/lang/String;)V+223
v  ~StubRoutines::call_stub
--------------------------------------------------------------------------------
Decoding CodeBlob, name: _new_array_nozero_Java, at  [0x00000296df8b0b00, 0x00000296df8b0b68]  104 bytes
[MachCode]
  0x00000296df8b0b00: 4881 ec28 | 0000 0048 | 896c 2420 | 4989 a798 | 0200 0048 | 8bca 418b | d04d 8bc7 | 49ba 409a 
  0x00000296df8b0b20: 6e07 fd7f | 0000 41ff | d24d 89a7 | 9802 0000 | 4d89 a7a0 | 0200 0049 | 8b87 f002 | 0000 4d89 
  0x00000296df8b0b40: a7f0 0200 | 004d 3b67 | 0875 0648 | 83c4 205d | c333 db49 | ba00 0f7b | df96 0200 | 0048 83c4 
  0x00000296df8b0b60: 205d 41ff | e2f4 f4f4 
[/MachCode]
--------------------------------------------------------------------------------


Compiled method (c2) 1564723 9672  s    4       java.lang.StringBuffer::append (13 bytes)
 total in heap  [0x00000296e04d8f10,0x00000296e04da010] = 4352
 relocation     [0x00000296e04d9068,0x00000296e04d90b8] = 80
 main code      [0x00000296e04d90c0,0x00000296e04d9bc0] = 2816
 stub code      [0x00000296e04d9bc0,0x00000296e04d9bf8] = 56
 metadata       [0x00000296e04d9bf8,0x00000296e04d9c50] = 88
 scopes data    [0x00000296e04d9c50,0x00000296e04d9e88] = 568
 scopes pcs     [0x00000296e04d9e88,0x00000296e04d9f98] = 272
 dependencies   [0x00000296e04d9f98,0x00000296e04d9fa0] = 8
 handler table  [0x00000296e04d9fa0,0x00000296e04d9fe8] = 72
 nul chk table  [0x00000296e04d9fe8,0x00000296e04da010] = 40

[Constant Pool (empty)]

[MachCode]
[Entry Point]
  # {method} {0x00000296f10a9ee8} 'append' '(Ljava/lang/String;)Ljava/lang/StringBuffer;' in 'java/lang/StringBuffer'
  # this:     rdx:rdx   = 'java/lang/StringBuffer'
  # parm0:    r8:r8     = 'java/lang/String'
  #           [sp+0x90]  (sp of caller)
  0x00000296e04d90c0: 448b 5208 | 49bb 0000 | 0000 0800 | 0000 4d03 | d349 3bc2 

  0x00000296e04d90d4: ;   {runtime_call ic_miss_stub}
  0x00000296e04d90d4: 0f85 a684 | 32ff 6690 | 0f1f 4000 
[Verified Entry Point]
  0x00000296e04d90e0: 8984 2400 | 90ff ff55 | 4881 ec80 | 0000 0049 | 8be8 4889 | 5424 2048 | 8d5c 2470 | 488b 0248 
  0x00000296e04d9100: f7c0 0200 | 0000 7524 | 4883 c801 | 4889 03f0 | 480f b11a | 0f84 3e00 | 0000 482b | c448 81e0 
  0x00000296e04d9120: 07f0 ffff | 4889 03e9 | 2c00 0000 | 4c8b d048 | 33c0 f04d | 0fb1 7a3e | 48c7 0303 | 0000 000f 
  0x00000296e04d9140: 8413 0000 | 004c 3bf8 | 0f85 0a00 | 0000 49ff | 8286 0000 | 0048 33c0 | 0f85 0307 | 0000 4180 
  0x00000296e04d9160: 7f38 000f | 8502 0500 | 004c 8b54 | 2420 4589 | 6218 488b | dd48 85db | 0f84 d006 | 0000 8b73 
  0x00000296e04d9180: 1445 8b74 | f40c 458b | 5a14 438b | 7cdc 0c0f | be53 1045 | 8b42 0c8b | ca41 d3fe | 450f be4a 
  0x00000296e04d91a0: 1041 8bee | 4103 e88b | c741 8bc9 | d3f8 8bcd | 2bc8 85c9 | 0f8f 8201 | 0000 458b | 54f4 0c8b 
  0x00000296e04d91c0: ca41 d3fa | 443b ca0f | 8552 0400 | 004c 8b5c | 2420 458b | 5b14 413b | d10f 85e2 | 0200 0041 
  0x00000296e04d91e0: 8bc9 41d3 | e241 d3e0 

  0x00000296e04d91e8: ; implicit exception: dispatches to 0x00000296e04d9a70
  0x00000296e04d91e8: 458b 4cf4 | 0c43 8b5c | dc0c 4585 | c00f 8c9a | 0600 0045 | 3bca 0f82 | 9106 0000 | 458b c845 
  0x00000296e04d9208: 03ca 413b | d90f 8282 | 0600 0045 | 85d2 0f8c | 7906 0000 | 4585 d274 | 3f49 c1e3 | 034b 8d54 
  0x00000296e04d9228: 0310 4d63 | c24d 8d14 | f449 8d4c | f410 4983 | f820 0f87 | e700 0000 | 49ba ffff | ffff ffff 
  0x00000296e04d9248: ffff c442 | b8f5 d2c4 | c1fb 92fa | 62f1 7faf | 6f01 62f1 | 7f2f 7f02 | 4c8b 5424 | 2045 0172 
  0x00000296e04d9268: 0c48 8d44 | 2470 4c8b | 5c24 2048 | 8138 0000 | 0000 0f84 | 8300 0000 | 4d8b 1349 | f7c2 0200 
  0x00000296e04d9288: 0000 746f | 4981 ba86 | 0000 0000 | 0000 0074 | 0949 ff8a | 8600 0000 | eb51 498b | 8296 0000 
  0x00000296e04d92a8: 0049 0b82 | 8e00 0000 | 750a 49c7 | 423e 0000 | 0000 eb47 | 4981 ba9e | 0000 0000 | 0000 0074 
  0x00000296e04d92c8: 2548 33c0 | 49c7 423e | 0000 0000 | f083 0424 | 0049 81ba | 9e00 0000 | 0000 0000 | 750d f04d 
  0x00000296e04d92e8: 0fb1 7a3e | 7505 83c8 | 01eb 10f7 | c000 0000 | 00eb 084c | 8b10 f04d | 0fb1 130f | 856c 0500 
  0x00000296e04d9308: 0048 8b44 | 2420 c5f8 | 7748 81c4 | 8000 0000 

  0x00000296e04d9318: ;   {poll_return}
  0x00000296e04d9318: 5d49 3ba7 | 5003 0000 | 0f87 6708 | 0000 c3c5 | f877 49ba | 4091 7edf | 9602 0000 | 41ff d2e9 
  0x00000296e04d9338: 24ff ffff | 418b c9d3 | e52b ef41 | b802 0000 | 0041 d3e0 | 4403 c741 | 3be8 448b | d545 0f4c 
  0x00000296e04d9358: d044 03d7 | 418b caff | c981 f9f7 | ffff 7f0f | 833b 0600 | 0041 81fa | ffff ff7f | 0f84 5606 
  0x00000296e04d9378: 0000 418b | c941 d3fa | 41d3 e241 | 81fa 0000 | 1000 0f87 | 4805 0000 | 4d63 ca41 | 3bfa 418b 
  0x00000296e04d9398: ea0f 4cef | 3bfd 0f82 | c405 0000 | 443b d50f | 82bb 0500 | 0049 83c1 | 174d 8bc1 | 4983 e0f8 
  0x00000296e04d93b8: 4181 fa00 | 0010 000f | 8730 0400 | 004d 8baf | 0801 0000 | 498b cd49 | 03c8 493b | 8f18 0100 
  0x00000296e04d93d8: 000f 8316 | 0400 0049 | 898f 0801 | 0000 0f0d | 89c0 0000 | 0049 c745 | 0001 0000 | 000f 0d89 
  0x00000296e04d93f8: 0001 0000 

  0x00000296e04d93fc: ;   {metadata({type array byte})}
  0x00000296e04d93fc: 41c7 4508 | c007 0400 | 4589 550c | 0f0d 8940 | 0100 000f | 0d89 8001 | 0000 498b | d548 83c2 
  0x00000296e04d941c: 1049 c1e9 | 0349 8bf5 | 48c1 ee03 | 85ed 0f84 | c404 0000 | 4b8d 0cdc | 4f8d 5cdc | 1041 3bea 
  0x00000296e04d943c: 0f8c 6502 | 0000 4983 | c0f0 49c1 | e803 498b | cbc5 f877 | 49ba a0af | 7edf 9602 | 0000 41ff 
  0x00000296e04d945c: d241 807f | 3800 0f85 | 0803 0000 | 4c8b 5424 | 2041 8972 | 144d 8bd5 | 4c8b 5c24 | 204d 33d3 
  0x00000296e04d947c: 49c1 ea15 | 4d85 d274 | 1a49 c1eb | 0948 b900 | a016 e496 | 0200 0049 | 03cb 8039 | 040f 850d 
  0x00000296e04d949c: 0300 008b | 7314 85f6 | 0f84 3604 | 0000 4c8b | 5424 2045 | 8b42 0c45 | 0fbe 4a10 | 0fbe 5310 
  0x00000296e04d94bc: e9f9 fcff | ff45 85d2 | 0f8c 2e05 | 0000 418b | 4cf4 0c41 | 3bca 0f82 | 2005 0000 | 458b c841 
  0x00000296e04d94dc: d1e1 4585 | c90f 8c3d | 0500 0041 | 8bda d1e3 | 85db 0f8c | 3005 0000 | 438b 4cdc | 0c41 8bd1 
  0x00000296e04d94fc: 03d3 3bca | 0f82 1e05 | 0000 49c1 | e303 4b8d | 7c0b 104d | 8d1c f449 | 8d74 f410 | 418b d28b 
  0x00000296e04d951c: caf7 c2f0 | ffff ff0f | 8484 0000 | 00f7 c200 | f0ff ff0f | 8454 0000 | 0083 e11f | 83e2 e074 
  0x00000296e04d953c: 1f48 8d34 | 1648 8d3c | 5748 f7da | 62f2 7d48 | 3004 1662 | f1fe 487f | 0457 4883 | c220 75ec 
  0x00000296e04d955c: f7c1 ffff | ffff 0f84 | b200 0000 | baff ffff | ffc4 e271 | f7d2 f7d2 | c5fb 92fa | 62f2 7dcf 
  0x00000296e04d957c: 3006 62f1 | ff4f 7f07 | e991 0000 | 0083 e10f | 83e2 f074 | 1c48 8d34 | 1648 8d3c | 5748 f7da 
  0x00000296e04d959c: c4e2 7d30 | 0416 c5fe | 7f04 5748 | 83c2 1075 | ef8b d183 | e107 83e2 | f874 27c4 | e279 3006 
  0x00000296e04d95bc: c5fa 7f07 | 4883 c608 | 4883 c710 | e911 0000 | 00c4 e279 | 3004 16c5 | fa7f 0457 | 4883 c208 
  0x00000296e04d95dc: 75ef 8bd1 | 83fa 047c | 19c5 f96e | 06c4 e279 | 30c0 c5f9 | d607 4883 | ea04 4883 | c604 4883 
  0x00000296e04d95fc: c708 85d2 | 7418 488d | 3416 488d | 3c57 48f7 | da0f b60c | 1666 890c | 5748 ffc2 | 75f3 e941 
  0x00000296e04d961c: fcff ff44 | 8954 2438 | 4489 4424 | 3444 8974 | 2430 4889 | 5c24 2848 | 8b6c 2420 | 488b d590 
  0x00000296e04d963c: ;   {optimized virtual_call}
  0x00000296e04d963c: c5f8 77e8 

  0x00000296e04d9640: ; ImmutableOopMap {rbp=Oop [32]=Oop [40]=Oop }
                      ;*invokevirtual inflate {reexecute=0 rethrow=0 return_oop=0}
                      ; - java.lang.AbstractStringBuilder::putStringAt@12 (line 1718)
                      ; - java.lang.AbstractStringBuilder::putStringAt@8 (line 1724)
                      ; - java.lang.AbstractStringBuilder::append@30 (line 583)
                      ; - java.lang.StringBuffer::append@7 (line 313)
  0x00000296e04d9640: fc69 0d00 | 4c8b 5424 | 2841 8b72 | 1441 0fbe | 5210 440f | be4d 1044 | 8b74 2430 | 448b 4424 
  0x00000296e04d9660: 3444 8b54 | 2438 e962 | fbff ff4c | 8b54 2420 | 458b 5a18 | 4585 db0f | 84ec faff | ff4d 8b57 
  0x00000296e04d9680: 2049 8bcb | 48c1 e103 | 4d85 d20f | 842f 0200 | 004d 8b5f | 304b 894c | 13f8 4983 | c2f8 4d89 
  0x00000296e04d96a0: 5720 e9c2 | faff ff4c | 63c5 4d8b | d049 83c2 | 1049 8bca | 4883 e1f8 | 498b fd48 | 03f9 49c1 
  0x00000296e04d96c0: ea03 4d2b | ca49 8bc9 | 4833 c048 | 83f9 087f | 1048 ffc9 | 7857 4889 | 04cf 48ff | c97d f7eb 
  0x00000296e04d96e0: 4cc5 fdef | c0e9 0d00 | 0000 c5fe | 7f07 c5fe | 7f47 2048 | 83c7 4048 | 83e9 087d | ed48 83c1 
  0x00000296e04d9700: 047c 0cc5 | fe7f 0748 | 83c7 2048 | 83e9 0448 | 83c1 047e | 18b8 0100 | 0000 c4e2 | 71f7 c048 
  0x00000296e04d9720: 83e8 01c5 | f892 f862 | f1fe 2f7f | 0749 83f8 | 2077 2549 | baff ffff | ffff ffff | ffc4 42b8 
  0x00000296e04d9740: f5d2 c4c1 | fb92 fa62 | d17f af6f | 0362 f17f | 2f7f 02e9 | 05fd ffff | 498b cbc5 | f877 49ba 
  0x00000296e04d9760: 608b 7edf | 9602 0000 | 41ff d2e9 | edfc ffff | 4c8b 5424 | 2045 8b5a | 1445 85db | 0f84 e6fc 
  0x00000296e04d9780: ffff 4d8b | 5720 498b | cb48 c1e1 | 034d 85d2 | 0f84 fa01 | 0000 4d8b | 5f30 4b89 | 4c13 f849 
  0x00000296e04d97a0: 83c2 f84d | 8957 20e9 | bcfc ffff | 4d8b 5740 | 4d8b 5f50 | f083 4424 | c000 8039 | 000f 84dc 
  0x00000296e04d97c0: fcff ff44 | 8821 4d85 | d275 1849 | 8bd7 c5f8 | 7749 ba40 | 4d2e 07fd | 7f00 0041 | ffd2 e9bc 
  0x00000296e04d97e0: fcff ff4b | 894c 13f8 | 4983 c2f8 | 4d89 5740 | e9aa fcff | ff4c 8944 | 2448 4c89 | 4c24 4044 
  0x00000296e04d9800: 8954 2438 | 4489 5c24 | 3444 8974 | 2430 4889 

  0x00000296e04d9810: ;   {metadata({type array byte})}
  0x00000296e04d9810: 5c24 2848 | bac0 0704 | 0008 0000 | 0045 8bc2 

  0x00000296e04d9820: ;   {runtime_call _new_array_nozero_Java}
  0x00000296e04d9820: c5f8 77e8 

  0x00000296e04d9824: ; ImmutableOopMap {[32]=Oop [40]=Oop [52]=NarrowOop }
                      ;*newarray {reexecute=0 rethrow=0 return_oop=1}
                      ; - java.util.Arrays::copyOf@1 (line 3537)
                      ; - java.lang.AbstractStringBuilder::ensureCapacityInternal@32 (line 228)
                      ; - java.lang.AbstractStringBuilder::append@21 (line 582)
                      ; - java.lang.StringBuffer::append@7 (line 313)
  0x00000296e04d9824: d872 3dff | 488b 5c24 | 2844 8b74 | 2430 448b | 5c24 3444 | 8b54 2438 | 4c8b 4c24 | 404c 8b44 
  0x00000296e04d9844: 2448 4c8b | e8e9 c8fb | ffff 498b | d248 8bea 

  0x00000296e04d9854: ;   {optimized virtual_call}
  0x00000296e04d9854: c5f8 77e8 

  0x00000296e04d9858: ; ImmutableOopMap {rbp=Oop [32]=Oop }
                      ;*invokevirtual appendNull {reexecute=0 rethrow=0 return_oop=1}
                      ; - java.lang.AbstractStringBuilder::append@5 (line 579)
                      ; - java.lang.StringBuffer::append@7 (line 313)
  0x00000296e04d9858: a482 32ff | e908 faff | ff4c 8d44 | 2470 6690 

  0x00000296e04d9868: ;   {runtime_call _complete_monitor_locking_Java}
  0x00000296e04d9868: c5f8 77e8 

  0x00000296e04d986c: ; ImmutableOopMap {rbp=Oop [32]=Oop }
                      ;*synchronization entry
                      ; - java.lang.StringBuffer::append@-1 (line 312)
  0x00000296e04d986c: 103d 3dff | e9e9 f8ff | ff49 8bcb | 488d 5424 | 704d 8bc7 | c5f8 7749 | ba10 206f | 07fd 7f00 
  0x00000296e04d988c: 0041 ffd2 | e974 faff | ffba ccff | ffff 488b | 6c24 2044 | 8974 2430 | 8974 2434 | 4489 5c24 
  0x00000296e04d98ac: 3844 8944 | 243c 4489 | 5424 4090 

  0x00000296e04d98b8: ;   {runtime_call UncommonTrapBlob}
  0x00000296e04d98b8: c5f8 77e8 

  0x00000296e04d98bc: ; ImmutableOopMap {rbp=Oop [52]=NarrowOop [56]=NarrowOop }
                      ;*invokestatic arraycopy {reexecute=0 rethrow=0 return_oop=0}
                      ; - java.lang.String::getBytes@27 (line 4479)
                      ; - java.lang.AbstractStringBuilder::putStringAt@30 (line 1720)
                      ; - java.lang.AbstractStringBuilder::putStringAt@8 (line 1724)
                      ; - java.lang.AbstractStringBuilder::append@30 (line 583)
                      ; - java.lang.StringBuffer::append@7 (line 313)
  0x00000296e04d98bc: 4008 33ff | 498b d7c5 | f877 49ba | 604d 2e07 | fd7f 0000 | 41ff d2e9 | 91f8 ffff | 4d63 cae9 
  0x00000296e04d98dc: b3fa ffff | baf6 ffff | ff48 8b6c | 2420 6690 

  0x00000296e04d98ec: ;   {runtime_call UncommonTrapBlob}
  0x00000296e04d98ec: c5f8 77e8 

  0x00000296e04d98f0: ; ImmutableOopMap {rbp=Oop }
                      ;*arraylength {reexecute=0 rethrow=0 return_oop=0}
                      ; - java.lang.String::length@4 (line 1481)
                      ; - java.lang.AbstractStringBuilder::putStringAt@5 (line 1724)
                      ; - java.lang.AbstractStringBuilder::append@30 (line 583)
                      ; - java.lang.StringBuffer::append@7 (line 313)
  0x00000296e04d98f0: 0c08 33ff | 4983 c1fe | 498b c948 | 8bfa 4833 | c048 83f9 | 087f 1048 | ffc9 7857 | 4889 04cf 
  0x00000296e04d9910: 48ff c97d | f7eb 4cc5 | fdef c0e9 | 0d00 0000 | c5fe 7f07 | c5fe 7f47 | 2048 83c7 | 4048 83e9 
  0x00000296e04d9930: 087d ed48 | 83c1 047c | 0cc5 fe7f | 0748 83c7 | 2048 83e9 | 0448 83c1 | 047e 18b8 | 0100 0000 
  0x00000296e04d9950: c4e2 71f7 | c048 83e8 | 01c5 f892 | f862 f1fe | 2f7f 07e9 | f5fa ffff | bacc ffff | ff48 8b6c 
  0x00000296e04d9970: 2420 4889 | 5c24 3044 | 8974 2440 | 4489 5c24 | 4444 8954 | 244c 6690 

  0x00000296e04d9988: ;   {runtime_call UncommonTrapBlob}
  0x00000296e04d9988: c5f8 77e8 

  0x00000296e04d998c: ; ImmutableOopMap {rbp=Oop [48]=Oop [68]=NarrowOop }
                      ;*newarray {reexecute=1 rethrow=0 return_oop=0}
                      ; - (reexecute) java.util.Arrays::copyOf@1 (line 3537)
                      ; - java.lang.AbstractStringBuilder::ensureCapacityInternal@32 (line 228)
                      ; - java.lang.AbstractStringBuilder::append@21 (line 582)
                      ; - java.lang.StringBuffer::append@7 (line 313)
  0x00000296e04d998c: 7007 33ff | 498b d7c5 | f877 49ba | 604d 2e07 | fd7f 0000 | 41ff d2e9 | c0fa ffff | ba3d ffff 
  0x00000296e04d99ac: ff48 895c | 2438 4489 | 7424 5844 | 895c 245c | 897c 2460 | 4489 5424 | 6866 6690 

  0x00000296e04d99c8: ;   {runtime_call UncommonTrapBlob}
  0x00000296e04d99c8: c5f8 77e8 

  0x00000296e04d99cc: ; ImmutableOopMap {[32]=Oop [56]=Oop [92]=NarrowOop }
                      ;*if_icmpge {reexecute=1 rethrow=0 return_oop=0}
                      ; - (reexecute) jdk.internal.util.ArraysSupport::newLength@10 (line 638)
                      ; - java.lang.AbstractStringBuilder::newCapacity@29 (line 257)
                      ; - java.lang.AbstractStringBuilder::ensureCapacityInternal@24 (line 229)
                      ; - java.lang.AbstractStringBuilder::append@21 (line 582)
                      ; - java.lang.StringBuffer::append@7 (line 313)
  0x00000296e04d99cc: 3007 33ff | ba45 ffff | ff48 8b6c | 2420 4889 | 5c24 3044 | 8974 2450 | 4489 5c24 | 5444 8954 
  0x00000296e04d99ec: 245c 6690 

  0x00000296e04d99f0: ;   {runtime_call UncommonTrapBlob}
  0x00000296e04d99f0: c5f8 77e8 

  0x00000296e04d99f4: ; ImmutableOopMap {rbp=Oop [48]=Oop [84]=NarrowOop }
                      ;*if_icmpne {reexecute=1 rethrow=0 return_oop=0}
                      ; - (reexecute) java.lang.AbstractStringBuilder::newCapacity@38 (line 258)
                      ; - java.lang.AbstractStringBuilder::ensureCapacityInternal@24 (line 229)
                      ; - java.lang.AbstractStringBuilder::append@21 (line 582)
                      ; - java.lang.StringBuffer::append@7 (line 313)
  0x00000296e04d99f4: 0807 33ff | bace ffff | ff48 8b6c | 2420 4489 | 7424 3089 | 7424 3444 | 895c 2438 | 4489 4424 
  0x00000296e04d9a14: 3c44 8954 | 2440 6690 

  0x00000296e04d9a1c: ;   {runtime_call UncommonTrapBlob}
  0x00000296e04d9a1c: c5f8 77e8 

  0x00000296e04d9a20: ; ImmutableOopMap {rbp=Oop [52]=NarrowOop [56]=NarrowOop }
                      ;*invokestatic inflate {reexecute=0 rethrow=0 return_oop=0}
                      ; - java.lang.String::getBytes@42 (line 4481)
                      ; - java.lang.AbstractStringBuilder::putStringAt@30 (line 1720)
                      ; - java.lang.AbstractStringBuilder::putStringAt@8 (line 1724)
                      ; - java.lang.AbstractStringBuilder::append@30 (line 583)
                      ; - java.lang.StringBuffer::append@7 (line 313)
  0x00000296e04d9a20: dc06 33ff | bace ffff | ff48 8b6c | 2420 4489 | 7424 3089 | 7424 3444 | 895c 2438 | 4489 4424 
  0x00000296e04d9a40: 3c44 8954 | 2440 6690 

  0x00000296e04d9a48: ;   {runtime_call UncommonTrapBlob}
  0x00000296e04d9a48: c5f8 77e8 

  0x00000296e04d9a4c: ; ImmutableOopMap {rbp=Oop [52]=NarrowOop [56]=NarrowOop }
                      ;*invokestatic inflate {reexecute=0 rethrow=0 return_oop=0}
                      ; - java.lang.String::getBytes@42 (line 4481)
                      ; - java.lang.AbstractStringBuilder::putStringAt@30 (line 1720)
                      ; - java.lang.AbstractStringBuilder::putStringAt@8 (line 1724)
                      ; - java.lang.AbstractStringBuilder::append@30 (line 583)
                      ; - java.lang.StringBuffer::append@7 (line 313)
  0x00000296e04d9a4c: b006 33ff | baf6 ffff | ff49 8bea 

  0x00000296e04d9a58: ;   {runtime_call UncommonTrapBlob}
  0x00000296e04d9a58: c5f8 77e8 

  0x00000296e04d9a5c: ; ImmutableOopMap {rbp=Oop }
                      ;*arraylength {reexecute=0 rethrow=0 return_oop=0}
                      ; - java.lang.String::length@4 (line 1481)
                      ; - java.lang.AbstractStringBuilder::append@10 (line 581)
                      ; - java.lang.StringBuffer::append@7 (line 313)
  0x00000296e04d9a5c: a006 33ff | baf6 ffff | ff49 8bea 

  0x00000296e04d9a68: ;   {runtime_call UncommonTrapBlob}
  0x00000296e04d9a68: c5f8 77e8 

  0x00000296e04d9a6c: ; ImmutableOopMap {rbp=Oop }
                      ;*arraylength {reexecute=0 rethrow=0 return_oop=0}
                      ; - java.lang.AbstractStringBuilder::ensureCapacityInternal@4 (line 226)
                      ; - java.lang.AbstractStringBuilder::append@21 (line 582)
                      ; - java.lang.StringBuffer::append@7 (line 313)
  0x00000296e04d9a6c: 9006 33ff | baf6 ffff | ff48 8b6c | 2420 4489 | 5c24 2044 | 8944 2424 | 4489 5424 | 2866 6690 
  0x00000296e04d9a8c: ;   {runtime_call UncommonTrapBlob}
  0x00000296e04d9a8c: c5f8 77e8 

  0x00000296e04d9a90: ; ImmutableOopMap {rbp=Oop [32]=NarrowOop }
                      ;*invokestatic arraycopy {reexecute=0 rethrow=0 return_oop=0}
                      ; - java.lang.String::getBytes@27 (line 4479)
                      ; - java.lang.AbstractStringBuilder::putStringAt@30 (line 1720)
                      ; - java.lang.AbstractStringBuilder::putStringAt@8 (line 1724)
                      ; - java.lang.AbstractStringBuilder::append@30 (line 583)
                      ; - java.lang.StringBuffer::append@7 (line 313)
  0x00000296e04d9a90: 6c06 33ff | baf6 ffff | ff48 8b6c | 2420 8974 | 2420 4489 | 4424 2444 | 8954 2428 

  0x00000296e04d9aac: ;   {runtime_call UncommonTrapBlob}
  0x00000296e04d9aac: c5f8 77e8 

  0x00000296e04d9ab0: ; ImmutableOopMap {rbp=Oop [32]=NarrowOop }
                      ;*invokestatic arraycopy {reexecute=0 rethrow=0 return_oop=0}
                      ; - java.lang.String::getBytes@27 (line 4479)
                      ; - java.lang.AbstractStringBuilder::putStringAt@30 (line 1720)
                      ; - java.lang.AbstractStringBuilder::putStringAt@8 (line 1724)
                      ; - java.lang.AbstractStringBuilder::append@30 (line 583)
                      ; - java.lang.StringBuffer::append@7 (line 313)
  0x00000296e04d9ab0: 4c06 33ff | 488b d8eb | 0848 8bd8 | eb03 488b | d848 8d44 | 2470 4c8b | 5c24 2048 | 8138 0000 
  0x00000296e04d9ad0: 0000 0f84 | 8300 0000 | 4d8b 1349 | f7c2 0200 | 0000 746f | 4981 ba86 | 0000 0000 | 0000 0074 
  0x00000296e04d9af0: 0949 ff8a | 8600 0000 | eb51 498b | 8296 0000 | 0049 0b82 | 8e00 0000 | 750a 49c7 | 423e 0000 
  0x00000296e04d9b10: 0000 eb47 | 4981 ba9e | 0000 0000 | 0000 0074 | 2548 33c0 | 49c7 423e | 0000 0000 | f083 0424 
  0x00000296e04d9b30: 0049 81ba | 9e00 0000 | 0000 0000 | 750d f04d | 0fb1 7a3e | 7505 83c8 | 01eb 10f7 | c000 0000 
  0x00000296e04d9b50: 00eb 084c | 8b10 f04d | 0fb1 1375 | 1348 8bd3 | c5f8 7748 | 81c4 8000 

  0x00000296e04d9b68: ;   {runtime_call _rethrow_Java}
  0x00000296e04d9b68: 0000 5de9 | 9094 3dff | 498b cb48 | 8d54 2470 | 4d8b c7c5 | f877 49ba | 1020 6f07 | fd7f 0000 
  0x00000296e04d9b88: 41ff d2eb 

  0x00000296e04d9b8c: ;   {internal_word}
  0x00000296e04d9b8c: d049 ba19 | 934d e096 | 0200 004d | 8997 6803 

  0x00000296e04d9b9c: ;   {runtime_call SafepointBlob}
  0x00000296e04d9b9c: 0000 e9dd | f332 fff4 | f4f4 f4f4 | f4f4 f4f4 | f4f4 f4f4 | f4f4 f4f4 | f4f4 f4f4 | f4f4 f4f4 
  0x00000296e04d9bbc: f4f4 f4f4 
[Stub Code]
  0x00000296e04d9bc0: ;   {no_reloc}
  0x00000296e04d9bc0: 48bb 0000 | 0000 0000 

  0x00000296e04d9bc8: ;   {runtime_call}
  0x00000296e04d9bc8: 0000 e9fb 

  0x00000296e04d9bcc: ;   {static_stub}
  0x00000296e04d9bcc: ffff ff48 | bb00 0000 | 0000 0000 

  0x00000296e04d9bd8: ;   {runtime_call}
  0x00000296e04d9bd8: 00e9 fbff 

  0x00000296e04d9bdc: ;   {runtime_call ExceptionBlob}
  0x00000296e04d9bdc: ffff e91d | a93c ffe8 | 0000 0000 | 4883 2c24 

  0x00000296e04d9bec: ;   {runtime_call DeoptimizationBlob}
  0x00000296e04d9bec: 05e9 2e08 | 33ff f4f4 | f4f4 f4f4 
[/MachCode]


Compiled method (c2) 1564794 10379       4       java.io.StringWriter::write (10 bytes)
 total in heap  [0x00000296e058e710,0x00000296e058e9e8] = 728
 relocation     [0x00000296e058e868,0x00000296e058e888] = 32
 main code      [0x00000296e058e8a0,0x00000296e058e940] = 160
 stub code      [0x00000296e058e940,0x00000296e058e968] = 40
 metadata       [0x00000296e058e968,0x00000296e058e970] = 8
 scopes data    [0x00000296e058e970,0x00000296e058e988] = 24
 scopes pcs     [0x00000296e058e988,0x00000296e058e9c8] = 64
 dependencies   [0x00000296e058e9c8,0x00000296e058e9d0] = 8
 handler table  [0x00000296e058e9d0,0x00000296e058e9e8] = 24

[Constant Pool (empty)]

[MachCode]
[Entry Point]
  # {method} {0x00000296f178b310} 'write' '(Ljava/lang/String;)V' in 'java/io/StringWriter'
  # this:     rdx:rdx   = 'java/io/StringWriter'
  # parm0:    r8:r8     = 'java/lang/String'
  #           [sp+0x20]  (sp of caller)
  0x00000296e058e8a0: 448b 5208 | 49bb 0000 | 0000 0800 | 0000 4d03 | d349 3bc2 

  0x00000296e058e8b4: ;   {runtime_call ic_miss_stub}
  0x00000296e058e8b4: 0f85 c62c | 27ff 6690 | 0f1f 4000 
[Verified Entry Point]
  0x00000296e058e8c0: 8984 2400 | 90ff ff55 | 4883 ec10 | 448b 5a14 | 4585 db74 | 1e4b 8d14 

  0x00000296e058e8d8: ;   {optimized virtual_call}
  0x00000296e058e8d8: dc66 90e8 

  0x00000296e058e8dc: ; ImmutableOopMap {}
                      ;*invokevirtual append {reexecute=0 rethrow=0 return_oop=1}
                      ; - java.io.StringWriter::write@5 (line 106)
  0x00000296e058e8dc: 00a8 f4ff | 4883 c410 

  0x00000296e058e8e4: ;   {poll_return}
  0x00000296e058e8e4: 5d49 3ba7 | 5003 0000 | 0f87 1b00 | 0000 c3ba | f6ff ffff 

  0x00000296e058e8f8: ;   {runtime_call UncommonTrapBlob}
  0x00000296e058e8f8: 498b e8e8 

  0x00000296e058e8fc: ; ImmutableOopMap {rbp=Oop }
                      ;*invokevirtual append {reexecute=0 rethrow=0 return_oop=0}
                      ; - java.io.StringWriter::write@5 (line 106)
  0x00000296e058e8fc: 00b8 27ff | 488b d048 | 83c4 105d 

  0x00000296e058e908: ;   {runtime_call _rethrow_Java}
  0x00000296e058e908: e9f3 4632 

  0x00000296e058e90c: ;   {internal_word}
  0x00000296e058e90c: ff49 bae5 | e858 e096 | 0200 004d | 8997 6803 

  0x00000296e058e91c: ;   {runtime_call SafepointBlob}
  0x00000296e058e91c: 0000 e95d | a627 fff4 | f4f4 f4f4 | f4f4 f4f4 | f4f4 f4f4 | f4f4 f4f4 | f4f4 f4f4 | f4f4 f4f4 
  0x00000296e058e93c: f4f4 f4f4 
[Stub Code]
  0x00000296e058e940: ;   {no_reloc}
  0x00000296e058e940: 48bb 0000 | 0000 0000 

  0x00000296e058e948: ;   {runtime_call}
  0x00000296e058e948: 0000 e9fb 

  0x00000296e058e94c: ;   {runtime_call ExceptionBlob}
  0x00000296e058e94c: ffff ffe9 | ac5b 31ff 
[Deopt Handler Code]
  0x00000296e058e954: e800 0000 | 0048 832c 

  0x00000296e058e95c: ;   {runtime_call DeoptimizationBlob}
  0x00000296e058e95c: 2405 e9bd | ba27 fff4 | f4f4 f4f4 
[/MachCode]


---------------  P R O C E S S  ---------------

Threads class SMR info:
_java_thread_list=0x00000296f9e46340, length=23, elements={
0x00000296d4bd0fb0, 0x00000296f5062030, 0x00000296f50637f0, 0x00000296f504d330,
0x00000296f508a3f0, 0x00000296f508c3a0, 0x00000296f5094c80, 0x00000296f509b470,
0x00000296f509e900, 0x00000296f50a3620, 0x00000296f5399e30, 0x00000296f53ae5f0,
0x00000296f637b490, 0x00000296f79f52c0, 0x00000296f6a0f230, 0x00000296f6a0bf90,
0x00000296f782bb70, 0x00000296f782c080, 0x00000296f782caa0, 0x00000296f782d4c0,
0x00000296f782b660, 0x00000296f6a0ba80, 0x00000296f6a0e810
}

Java Threads: ( => current thread )
=>0x00000296d4bd0fb0 JavaThread "main" [_thread_in_vm, id=33396, stack(0x000000ef12500000,0x000000ef12600000)]
  0x00000296f5062030 JavaThread "Reference Handler" daemon [_thread_blocked, id=44928, stack(0x000000ef12c00000,0x000000ef12d00000)]
  0x00000296f50637f0 JavaThread "Finalizer" daemon [_thread_blocked, id=26520, stack(0x000000ef12d00000,0x000000ef12e00000)]
  0x00000296f504d330 JavaThread "Signal Dispatcher" daemon [_thread_blocked, id=20876, stack(0x000000ef12e00000,0x000000ef12f00000)]
  0x00000296f508a3f0 JavaThread "Attach Listener" daemon [_thread_blocked, id=42960, stack(0x000000ef12f00000,0x000000ef13000000)]
  0x00000296f508c3a0 JavaThread "Service Thread" daemon [_thread_blocked, id=29684, stack(0x000000ef13000000,0x000000ef13100000)]
  0x00000296f5094c80 JavaThread "Monitor Deflation Thread" daemon [_thread_blocked, id=46096, stack(0x000000ef13100000,0x000000ef13200000)]
  0x00000296f509b470 JavaThread "C2 CompilerThread0" daemon [_thread_blocked, id=37464, stack(0x000000ef13200000,0x000000ef13300000)]
  0x00000296f509e900 JavaThread "C1 CompilerThread0" daemon [_thread_blocked, id=48796, stack(0x000000ef13300000,0x000000ef13400000)]
  0x00000296f50a3620 JavaThread "Sweeper thread" daemon [_thread_blocked, id=32752, stack(0x000000ef13400000,0x000000ef13500000)]
  0x00000296f5399e30 JavaThread "Notification Thread" daemon [_thread_blocked, id=46156, stack(0x000000ef13500000,0x000000ef13600000)]
  0x00000296f53ae5f0 JavaThread "Common-Cleaner" daemon [_thread_blocked, id=34736, stack(0x000000ef13700000,0x000000ef13800000)]
  0x00000296f637b490 JavaThread "ReaderThread" [_thread_in_native, id=46488, stack(0x000000ef13a00000,0x000000ef13b00000)]
  0x00000296f79f52c0 JavaThread "Java2D Disposer" daemon [_thread_blocked, id=41832, stack(0x000000ef14300000,0x000000ef14400000)]
  0x00000296f6a0f230 JavaThread "HttpClient-1-SelectorManager" daemon [_thread_blocked, id=46036, stack(0x000000ef14600000,0x000000ef14700000)]
  0x00000296f6a0bf90 JavaThread "External Process Output Forwarder - C:\Users\RBT\.cache\selenium\chromedriver\win64\136.0.7103.92\chromedriver.exe" daemon [_thread_in_native, id=36136, stack(0x000000ef14700000,0x000000ef14800000)]
  0x00000296f782bb70 JavaThread "Driver Service Executor" daemon [_thread_blocked, id=25604, stack(0x000000ef14800000,0x000000ef14900000)]
  0x00000296f782c080 JavaThread "Driver Service Executor" daemon [_thread_blocked, id=8928, stack(0x000000ef14900000,0x000000ef14a00000)]
  0x00000296f782caa0 JavaThread "CompletableFutureDelayScheduler" daemon [_thread_blocked, id=19760, stack(0x000000ef14d00000,0x000000ef14e00000)]
  0x00000296f782d4c0 JavaThread "HttpClient-2-SelectorManager" daemon [_thread_blocked, id=38868, stack(0x000000ef15100000,0x000000ef15200000)]
  0x00000296f782b660 JavaThread "JdkHttpClient-0-5" daemon [_thread_blocked, id=35952, stack(0x000000ef12200000,0x000000ef12300000)]
  0x00000296f6a0ba80 JavaThread "JdkHttpClient-0-7" daemon [_thread_blocked, id=9508, stack(0x000000ef14c00000,0x000000ef14d00000)]
  0x00000296f6a0e810 JavaThread "JdkHttpClient-0-9" daemon [_thread_blocked, id=41584, stack(0x000000ef12300000,0x000000ef12400000)]

Other Threads:
  0x00000296f0f6ebe0 VMThread "VM Thread" [stack: 0x000000ef12b00000,0x000000ef12c00000] [id=34428] _threads_hazard_ptr=0x00000296f9e46340
  0x00000296f53a2320 WatcherThread [stack: 0x000000ef13600000,0x000000ef13700000] [id=44964]
  0x00000296d4c2b430 GCTaskThread "GC Thread#0" [stack: 0x000000ef12600000,0x000000ef12700000] [id=32156]
  0x00000296f58abc80 GCTaskThread "GC Thread#1" [stack: 0x000000ef13b00000,0x000000ef13c00000] [id=41036]
  0x00000296f5ceaad0 GCTaskThread "GC Thread#2" [stack: 0x000000ef13c00000,0x000000ef13d00000] [id=19840]
  0x00000296f5cead90 GCTaskThread "GC Thread#3" [stack: 0x000000ef13d00000,0x000000ef13e00000] [id=47688]
  0x00000296f6c33190 GCTaskThread "GC Thread#4" [stack: 0x000000ef13800000,0x000000ef13900000] [id=47852]
  0x00000296f666a800 GCTaskThread "GC Thread#5" [stack: 0x000000ef13e00000,0x000000ef13f00000] [id=28248]
  0x00000296f666aac0 GCTaskThread "GC Thread#6" [stack: 0x000000ef13f00000,0x000000ef14000000] [id=42840]
  0x00000296f666ad80 GCTaskThread "GC Thread#7" [stack: 0x000000ef14000000,0x000000ef14100000] [id=8044]
  0x00000296d4c39240 ConcurrentGCThread "G1 Main Marker" [stack: 0x000000ef12700000,0x000000ef12800000] [id=44936]
  0x00000296d4c39b70 ConcurrentGCThread "G1 Conc#0" [stack: 0x000000ef12800000,0x000000ef12900000] [id=46052]
  0x00000296f7b91b00 ConcurrentGCThread "G1 Conc#1" [stack: 0x000000ef14200000,0x000000ef14300000] [id=47420]
  0x00000296d4c5e8e0 ConcurrentGCThread "G1 Refine#0" [stack: 0x000000ef12900000,0x000000ef12a00000] [id=39696]
  0x00000296fad31350 ConcurrentGCThread "G1 Refine#1" [stack: 0x000000ef14400000,0x000000ef14500000] [id=22772]
  0x00000296f67c61e0 ConcurrentGCThread "G1 Refine#2" [stack: 0x000000ef14500000,0x000000ef14600000] [id=37032]
  0x00000296fa4e7e30 ConcurrentGCThread "G1 Refine#3" [stack: 0x000000ef13900000,0x000000ef13a00000] [id=36200]
  0x00000296f9c055b0 ConcurrentGCThread "G1 Refine#4" [stack: 0x000000ef14100000,0x000000ef14200000] [id=38360]
  0x00000296f7468a30 ConcurrentGCThread "G1 Refine#5" [stack: 0x000000ef14a00000,0x000000ef14b00000] [id=46468]
  0x00000296f9b09140 ConcurrentGCThread "G1 Refine#6" [stack: 0x000000ef14b00000,0x000000ef14c00000] [id=19904]
  0x00000296f5e26b40 ConcurrentGCThread "G1 Refine#7" [stack: 0x000000ef14e00000,0x000000ef14f00000] [id=36652]
  0x00000296f0dff8e0 ConcurrentGCThread "G1 Service" [stack: 0x000000ef12a00000,0x000000ef12b00000] [id=15388]

Threads with active compile tasks:

VM state: not at safepoint (normal execution)

VM Mutex/Monitor currently owned by a thread:  ([mutex/lock_event])
[0x00000296d4bcedc0] Heap_lock - owner thread: 0x00000296d4bd0fb0

Heap address: 0x0000000744c00000, size: 2996 MB, Compressed Oops mode: Zero based, Oop shift amount: 3

CDS archive(s) not mapped
Compressed class space mapped at: 0x0000000800000000-0x0000000840000000, reserved size: 1073741824
Narrow klass base: 0x0000000800000000, Narrow klass shift: 0, Narrow klass range: 0x40000000

GC Precious Log:
 CPUs: 8 total, 8 available
 Memory: 11982M
 Large Page Support: Disabled
 NUMA Support: Disabled
 Compressed Oops: Enabled (Zero based)
 Heap Region Size: 2M
 Heap Min Capacity: 8M
 Heap Initial Capacity: 188M
 Heap Max Capacity: 2996M
 Pre-touch: Disabled
 Parallel Workers: 8
 Concurrent Workers: 2
 Concurrent Refinement Workers: 8
 Periodic GC: Disabled

Heap:
 garbage-first heap   total 2613248K, used 1514253K [0x0000000744c00000, 0x0000000800000000)
  region size 2048K, 14 young (28672K), 14 survivors (28672K)
 Metaspace       used 50495K, committed 50944K, reserved 1114112K
  class space    used 5584K, committed 5824K, reserved 1048576K

Heap Regions: E=young(eden), S=young(survivor), O=old, HS=humongous(starts), HC=humongous(continues), CS=collection set, F=free, OA=open archive, CA=closed archive, TAMS=top-at-mark-start (previous, next)
|   0|0x0000000744c00000, 0x0000000744e00000, 0x0000000744e00000|100%|HS|  |TAMS 0x0000000744e00000, 0x0000000744e00000| Complete 
|   1|0x0000000744e00000, 0x0000000745000000, 0x0000000745000000|100%| O|  |TAMS 0x0000000745000000, 0x0000000745000000| Untracked 
|   2|0x0000000745000000, 0x0000000745200000, 0x0000000745200000|100%| O|  |TAMS 0x0000000745200000, 0x0000000745200000| Untracked 
|   3|0x0000000745200000, 0x0000000745400000, 0x0000000745400000|100%| O|  |TAMS 0x0000000745400000, 0x0000000745400000| Untracked 
|   4|0x0000000745400000, 0x0000000745600000, 0x0000000745600000|100%| O|  |TAMS 0x0000000745600000, 0x0000000745600000| Untracked 
|   5|0x0000000745600000, 0x0000000745800000, 0x0000000745800000|100%| O|  |TAMS 0x0000000745800000, 0x0000000745800000| Untracked 
|   6|0x0000000745800000, 0x0000000745a00000, 0x0000000745a00000|100%| O|  |TAMS 0x0000000745a00000, 0x0000000745a00000| Untracked 
|   7|0x0000000745a00000, 0x0000000745c00000, 0x0000000745c00000|100%| O|  |TAMS 0x0000000745c00000, 0x0000000745c00000| Untracked 
|   8|0x0000000745c00000, 0x0000000745d2ce00, 0x0000000745e00000| 58%| O|  |TAMS 0x0000000745d2ce00, 0x0000000745d2ce00| Untracked 
|   9|0x0000000745e00000, 0x0000000746000000, 0x0000000746000000|100%| O|  |TAMS 0x0000000746000000, 0x0000000746000000| Untracked 
|  10|0x0000000746000000, 0x0000000746200000, 0x0000000746200000|100%| O|  |TAMS 0x0000000746200000, 0x0000000746200000| Untracked 
|  11|0x0000000746200000, 0x0000000746400000, 0x0000000746400000|100%| O|  |TAMS 0x0000000746400000, 0x0000000746400000| Untracked 
|  12|0x0000000746400000, 0x0000000746600000, 0x0000000746600000|100%| O|  |TAMS 0x0000000746600000, 0x0000000746600000| Untracked 
|  13|0x0000000746600000, 0x0000000746800000, 0x0000000746800000|100%| O|  |TAMS 0x0000000746800000, 0x0000000746800000| Untracked 
|  14|0x0000000746800000, 0x0000000746a00000, 0x0000000746a00000|100%| O|  |TAMS 0x0000000746a00000, 0x0000000746a00000| Untracked 
|  15|0x0000000746a00000, 0x0000000746c00000, 0x0000000746c00000|100%|HS|  |TAMS 0x0000000746c00000, 0x0000000746c00000| Complete 
|  16|0x0000000746c00000, 0x0000000746e00000, 0x0000000746e00000|100%| O|  |TAMS 0x0000000746e00000, 0x0000000746e00000| Untracked 
|  17|0x0000000746e00000, 0x0000000747000000, 0x0000000747000000|100%| O|  |TAMS 0x0000000747000000, 0x0000000747000000| Untracked 
|  18|0x0000000747000000, 0x0000000747200000, 0x0000000747200000|100%| O|  |TAMS 0x0000000747200000, 0x0000000747200000| Untracked 
|  19|0x0000000747200000, 0x0000000747400000, 0x0000000747400000|100%| O|  |TAMS 0x0000000747400000, 0x0000000747400000| Untracked 
|  20|0x0000000747400000, 0x0000000747600000, 0x0000000747600000|100%| O|  |TAMS 0x0000000747600000, 0x0000000747600000| Untracked 
|  21|0x0000000747600000, 0x0000000747800000, 0x0000000747800000|100%| O|  |TAMS 0x0000000747800000, 0x0000000747800000| Untracked 
|  22|0x0000000747800000, 0x0000000747a00000, 0x0000000747a00000|100%| O|  |TAMS 0x0000000747a00000, 0x0000000747a00000| Untracked 
|  23|0x0000000747a00000, 0x0000000747c00000, 0x0000000747c00000|100%| O|  |TAMS 0x0000000747c00000, 0x0000000747c00000| Untracked 
|  24|0x0000000747c00000, 0x0000000747e00000, 0x0000000747e00000|100%| O|  |TAMS 0x0000000747e00000, 0x0000000747e00000| Untracked 
|  25|0x0000000747e00000, 0x0000000748000000, 0x0000000748000000|100%| O|  |TAMS 0x0000000748000000, 0x0000000748000000| Untracked 
|  26|0x0000000748000000, 0x0000000748200000, 0x0000000748200000|100%| O|  |TAMS 0x0000000748200000, 0x0000000748200000| Untracked 
|  27|0x0000000748200000, 0x0000000748400000, 0x0000000748400000|100%| O|  |TAMS 0x0000000748400000, 0x0000000748400000| Untracked 
|  28|0x0000000748400000, 0x0000000748600000, 0x0000000748600000|100%| O|  |TAMS 0x0000000748600000, 0x0000000748600000| Untracked 
|  29|0x0000000748600000, 0x0000000748800000, 0x0000000748800000|100%| O|  |TAMS 0x0000000748800000, 0x0000000748800000| Untracked 
|  30|0x0000000748800000, 0x0000000748a00000, 0x0000000748a00000|100%| O|  |TAMS 0x0000000748a00000, 0x0000000748a00000| Untracked 
|  31|0x0000000748a00000, 0x0000000748c00000, 0x0000000748c00000|100%| O|  |TAMS 0x0000000748c00000, 0x0000000748c00000| Untracked 
|  32|0x0000000748c00000, 0x0000000748e00000, 0x0000000748e00000|100%| O|  |TAMS 0x0000000748e00000, 0x0000000748e00000| Untracked 
|  33|0x0000000748e00000, 0x0000000749000000, 0x0000000749000000|100%| O|  |TAMS 0x0000000749000000, 0x0000000749000000| Untracked 
|  34|0x0000000749000000, 0x0000000749200000, 0x0000000749200000|100%| O|  |TAMS 0x0000000749200000, 0x0000000749200000| Untracked 
|  35|0x0000000749200000, 0x0000000749400000, 0x0000000749400000|100%| O|  |TAMS 0x0000000749400000, 0x0000000749400000| Untracked 
|  36|0x0000000749400000, 0x0000000749600000, 0x0000000749600000|100%| O|  |TAMS 0x0000000749600000, 0x0000000749600000| Untracked 
|  37|0x0000000749600000, 0x0000000749800000, 0x0000000749800000|100%| O|  |TAMS 0x0000000749800000, 0x0000000749800000| Untracked 
|  38|0x0000000749800000, 0x0000000749a00000, 0x0000000749a00000|100%| O|  |TAMS 0x0000000749a00000, 0x0000000749a00000| Untracked 
|  39|0x0000000749a00000, 0x0000000749c00000, 0x0000000749c00000|100%| O|  |TAMS 0x0000000749c00000, 0x0000000749c00000| Untracked 
|  40|0x0000000749c00000, 0x0000000749e00000, 0x0000000749e00000|100%| O|  |TAMS 0x0000000749e00000, 0x0000000749e00000| Untracked 
|  41|0x0000000749e00000, 0x000000074a000000, 0x000000074a000000|100%| O|  |TAMS 0x000000074a000000, 0x000000074a000000| Untracked 
|  42|0x000000074a000000, 0x000000074a200000, 0x000000074a200000|100%| O|  |TAMS 0x000000074a200000, 0x000000074a200000| Untracked 
|  43|0x000000074a200000, 0x000000074a400000, 0x000000074a400000|100%| O|  |TAMS 0x000000074a400000, 0x000000074a400000| Untracked 
|  44|0x000000074a400000, 0x000000074a600000, 0x000000074a600000|100%| O|  |TAMS 0x000000074a600000, 0x000000074a600000| Untracked 
|  45|0x000000074a600000, 0x000000074a800000, 0x000000074a800000|100%| O|  |TAMS 0x000000074a800000, 0x000000074a800000| Untracked 
|  46|0x000000074a800000, 0x000000074aa00000, 0x000000074aa00000|100%| O|  |TAMS 0x000000074aa00000, 0x000000074aa00000| Untracked 
|  47|0x000000074aa00000, 0x000000074ac00000, 0x000000074ac00000|100%| O|  |TAMS 0x000000074ac00000, 0x000000074ac00000| Untracked 
|  48|0x000000074ac00000, 0x000000074ae00000, 0x000000074ae00000|100%| O|  |TAMS 0x000000074ae00000, 0x000000074ae00000| Untracked 
|  49|0x000000074ae00000, 0x000000074b000000, 0x000000074b000000|100%| O|  |TAMS 0x000000074b000000, 0x000000074b000000| Untracked 
|  50|0x000000074b000000, 0x000000074b200000, 0x000000074b200000|100%| O|  |TAMS 0x000000074b200000, 0x000000074b200000| Untracked 
|  51|0x000000074b200000, 0x000000074b400000, 0x000000074b400000|100%| O|  |TAMS 0x000000074b400000, 0x000000074b400000| Untracked 
|  52|0x000000074b400000, 0x000000074b600000, 0x000000074b600000|100%| O|  |TAMS 0x000000074b600000, 0x000000074b600000| Untracked 
|  53|0x000000074b600000, 0x000000074b800000, 0x000000074b800000|100%| O|  |TAMS 0x000000074b800000, 0x000000074b800000| Untracked 
|  54|0x000000074b800000, 0x000000074ba00000, 0x000000074ba00000|100%| O|  |TAMS 0x000000074ba00000, 0x000000074ba00000| Untracked 
|  55|0x000000074ba00000, 0x000000074bc00000, 0x000000074bc00000|100%| O|  |TAMS 0x000000074bc00000, 0x000000074bc00000| Untracked 
|  56|0x000000074bc00000, 0x000000074be00000, 0x000000074be00000|100%| O|  |TAMS 0x000000074be00000, 0x000000074be00000| Untracked 
|  57|0x000000074be00000, 0x000000074c000000, 0x000000074c000000|100%| O|  |TAMS 0x000000074c000000, 0x000000074c000000| Untracked 
|  58|0x000000074c000000, 0x000000074c200000, 0x000000074c200000|100%| O|  |TAMS 0x000000074c200000, 0x000000074c200000| Untracked 
|  59|0x000000074c200000, 0x000000074c400000, 0x000000074c400000|100%| O|  |TAMS 0x000000074c400000, 0x000000074c400000| Untracked 
|  60|0x000000074c400000, 0x000000074c600000, 0x000000074c600000|100%| O|  |TAMS 0x000000074c600000, 0x000000074c600000| Untracked 
|  61|0x000000074c600000, 0x000000074c800000, 0x000000074c800000|100%| O|  |TAMS 0x000000074c800000, 0x000000074c800000| Untracked 
|  62|0x000000074c800000, 0x000000074ca00000, 0x000000074ca00000|100%| O|  |TAMS 0x000000074ca00000, 0x000000074ca00000| Untracked 
|  63|0x000000074ca00000, 0x000000074cc00000, 0x000000074cc00000|100%| O|  |TAMS 0x000000074cc00000, 0x000000074cc00000| Untracked 
|  64|0x000000074cc00000, 0x000000074ce00000, 0x000000074ce00000|100%| O|  |TAMS 0x000000074ce00000, 0x000000074ce00000| Untracked 
|  65|0x000000074ce00000, 0x000000074d000000, 0x000000074d000000|100%| O|  |TAMS 0x000000074d000000, 0x000000074d000000| Untracked 
|  66|0x000000074d000000, 0x000000074d200000, 0x000000074d200000|100%| O|  |TAMS 0x000000074d200000, 0x000000074d200000| Untracked 
|  67|0x000000074d200000, 0x000000074d400000, 0x000000074d400000|100%| O|  |TAMS 0x000000074d400000, 0x000000074d400000| Untracked 
|  68|0x000000074d400000, 0x000000074d600000, 0x000000074d600000|100%| O|  |TAMS 0x000000074d600000, 0x000000074d600000| Untracked 
|  69|0x000000074d600000, 0x000000074d800000, 0x000000074d800000|100%| O|  |TAMS 0x000000074d800000, 0x000000074d800000| Untracked 
|  70|0x000000074d800000, 0x000000074da00000, 0x000000074da00000|100%| O|  |TAMS 0x000000074da00000, 0x000000074da00000| Untracked 
|  71|0x000000074da00000, 0x000000074dc00000, 0x000000074dc00000|100%| O|  |TAMS 0x000000074dc00000, 0x000000074dc00000| Untracked 
|  72|0x000000074dc00000, 0x000000074de00000, 0x000000074de00000|100%| O|  |TAMS 0x000000074de00000, 0x000000074de00000| Untracked 
|  73|0x000000074de00000, 0x000000074e000000, 0x000000074e000000|100%| O|  |TAMS 0x000000074e000000, 0x000000074e000000| Untracked 
|  74|0x000000074e000000, 0x000000074e200000, 0x000000074e200000|100%| O|  |TAMS 0x000000074e200000, 0x000000074e200000| Untracked 
|  75|0x000000074e200000, 0x000000074e400000, 0x000000074e400000|100%| O|  |TAMS 0x000000074e400000, 0x000000074e400000| Untracked 
|  76|0x000000074e400000, 0x000000074e600000, 0x000000074e600000|100%| O|  |TAMS 0x000000074e600000, 0x000000074e600000| Untracked 
|  77|0x000000074e600000, 0x000000074e800000, 0x000000074e800000|100%| O|  |TAMS 0x000000074e800000, 0x000000074e800000| Untracked 
|  78|0x000000074e800000, 0x000000074ea00000, 0x000000074ea00000|100%| O|  |TAMS 0x000000074ea00000, 0x000000074ea00000| Untracked 
|  79|0x000000074ea00000, 0x000000074ec00000, 0x000000074ec00000|100%| O|  |TAMS 0x000000074ec00000, 0x000000074ec00000| Untracked 
|  80|0x000000074ec00000, 0x000000074ee00000, 0x000000074ee00000|100%| O|  |TAMS 0x000000074ee00000, 0x000000074ee00000| Untracked 
|  81|0x000000074ee00000, 0x000000074f000000, 0x000000074f000000|100%| O|  |TAMS 0x000000074f000000, 0x000000074f000000| Untracked 
|  82|0x000000074f000000, 0x000000074f200000, 0x000000074f200000|100%| O|  |TAMS 0x000000074f200000, 0x000000074f200000| Untracked 
|  83|0x000000074f200000, 0x000000074f400000, 0x000000074f400000|100%| O|  |TAMS 0x000000074f400000, 0x000000074f400000| Untracked 
|  84|0x000000074f400000, 0x000000074f600000, 0x000000074f600000|100%| O|  |TAMS 0x000000074f600000, 0x000000074f600000| Untracked 
|  85|0x000000074f600000, 0x000000074f800000, 0x000000074f800000|100%| O|  |TAMS 0x000000074f800000, 0x000000074f800000| Untracked 
|  86|0x000000074f800000, 0x000000074fa00000, 0x000000074fa00000|100%| O|  |TAMS 0x000000074fa00000, 0x000000074fa00000| Untracked 
|  87|0x000000074fa00000, 0x000000074fc00000, 0x000000074fc00000|100%| O|  |TAMS 0x000000074fc00000, 0x000000074fc00000| Untracked 
|  88|0x000000074fc00000, 0x000000074fe00000, 0x000000074fe00000|100%| O|  |TAMS 0x000000074fe00000, 0x000000074fe00000| Untracked 
|  89|0x000000074fe00000, 0x0000000750000000, 0x0000000750000000|100%| O|  |TAMS 0x0000000750000000, 0x0000000750000000| Untracked 
|  90|0x0000000750000000, 0x0000000750200000, 0x0000000750200000|100%| O|  |TAMS 0x0000000750200000, 0x0000000750200000| Untracked 
|  91|0x0000000750200000, 0x0000000750400000, 0x0000000750400000|100%| O|  |TAMS 0x0000000750400000, 0x0000000750400000| Untracked 
|  92|0x0000000750400000, 0x0000000750600000, 0x0000000750600000|100%|HS|  |TAMS 0x0000000750600000, 0x0000000750600000| Complete 
|  93|0x0000000750600000, 0x0000000750800000, 0x0000000750800000|100%|HC|  |TAMS 0x0000000750800000, 0x0000000750800000| Complete 
|  94|0x0000000750800000, 0x0000000750a00000, 0x0000000750a00000|100%| O|  |TAMS 0x0000000750a00000, 0x0000000750a00000| Untracked 
|  95|0x0000000750a00000, 0x0000000750c00000, 0x0000000750c00000|100%| O|  |TAMS 0x0000000750c00000, 0x0000000750c00000| Untracked 
|  96|0x0000000750c00000, 0x0000000750e00000, 0x0000000750e00000|100%|HS|  |TAMS 0x0000000750e00000, 0x0000000750e00000| Complete 
|  97|0x0000000750e00000, 0x0000000751000000, 0x0000000751000000|100%|HC|  |TAMS 0x0000000751000000, 0x0000000751000000| Complete 
|  98|0x0000000751000000, 0x0000000751200000, 0x0000000751200000|100%| O|  |TAMS 0x0000000751200000, 0x0000000751200000| Untracked 
|  99|0x0000000751200000, 0x0000000751400000, 0x0000000751400000|100%| O|  |TAMS 0x0000000751400000, 0x0000000751400000| Untracked 
| 100|0x0000000751400000, 0x0000000751600000, 0x0000000751600000|100%|HS|  |TAMS 0x0000000751600000, 0x0000000751600000| Complete 
| 101|0x0000000751600000, 0x0000000751800000, 0x0000000751800000|100%|HC|  |TAMS 0x0000000751800000, 0x0000000751800000| Complete 
| 102|0x0000000751800000, 0x0000000751a00000, 0x0000000751a00000|100%| O|  |TAMS 0x0000000751a00000, 0x0000000751a00000| Untracked 
| 103|0x0000000751a00000, 0x0000000751c00000, 0x0000000751c00000|100%| O|  |TAMS 0x0000000751c00000, 0x0000000751c00000| Untracked 
| 104|0x0000000751c00000, 0x0000000751e00000, 0x0000000751e00000|100%|HS|  |TAMS 0x0000000751e00000, 0x0000000751e00000| Complete 
| 105|0x0000000751e00000, 0x0000000752000000, 0x0000000752000000|100%|HC|  |TAMS 0x0000000752000000, 0x0000000752000000| Complete 
| 106|0x0000000752000000, 0x0000000752200000, 0x0000000752200000|100%| O|  |TAMS 0x0000000752200000, 0x0000000752200000| Untracked 
| 107|0x0000000752200000, 0x0000000752400000, 0x0000000752400000|100%| O|  |TAMS 0x0000000752400000, 0x0000000752400000| Untracked 
| 108|0x0000000752400000, 0x0000000752600000, 0x0000000752600000|100%|HS|  |TAMS 0x0000000752600000, 0x0000000752600000| Complete 
| 109|0x0000000752600000, 0x0000000752800000, 0x0000000752800000|100%|HC|  |TAMS 0x0000000752800000, 0x0000000752800000| Complete 
| 110|0x0000000752800000, 0x0000000752a00000, 0x0000000752a00000|100%| O|  |TAMS 0x0000000752a00000, 0x0000000752a00000| Untracked 
| 111|0x0000000752a00000, 0x0000000752c00000, 0x0000000752c00000|100%| O|  |TAMS 0x0000000752c00000, 0x0000000752c00000| Untracked 
| 112|0x0000000752c00000, 0x0000000752e00000, 0x0000000752e00000|100%|HS|  |TAMS 0x0000000752e00000, 0x0000000752e00000| Complete 
| 113|0x0000000752e00000, 0x0000000753000000, 0x0000000753000000|100%|HC|  |TAMS 0x0000000753000000, 0x0000000753000000| Complete 
| 114|0x0000000753000000, 0x0000000753200000, 0x0000000753200000|100%| O|  |TAMS 0x0000000753200000, 0x0000000753200000| Untracked 
| 115|0x0000000753200000, 0x0000000753400000, 0x0000000753400000|100%| O|  |TAMS 0x0000000753400000, 0x0000000753400000| Untracked 
| 116|0x0000000753400000, 0x0000000753600000, 0x0000000753600000|100%|HS|  |TAMS 0x0000000753600000, 0x0000000753600000| Complete 
| 117|0x0000000753600000, 0x0000000753800000, 0x0000000753800000|100%|HC|  |TAMS 0x0000000753800000, 0x0000000753800000| Complete 
| 118|0x0000000753800000, 0x0000000753a00000, 0x0000000753a00000|100%| O|  |TAMS 0x0000000753a00000, 0x0000000753a00000| Untracked 
| 119|0x0000000753a00000, 0x0000000753c00000, 0x0000000753c00000|100%| O|  |TAMS 0x0000000753c00000, 0x0000000753c00000| Untracked 
| 120|0x0000000753c00000, 0x0000000753e00000, 0x0000000753e00000|100%| O|  |TAMS 0x0000000753e00000, 0x0000000753e00000| Untracked 
| 121|0x0000000753e00000, 0x0000000754000000, 0x0000000754000000|100%| O|  |TAMS 0x0000000754000000, 0x0000000754000000| Untracked 
| 122|0x0000000754000000, 0x0000000754200000, 0x0000000754200000|100%| O|  |TAMS 0x0000000754200000, 0x0000000754200000| Untracked 
| 123|0x0000000754200000, 0x0000000754400000, 0x0000000754400000|100%| O|  |TAMS 0x0000000754400000, 0x0000000754400000| Untracked 
| 124|0x0000000754400000, 0x0000000754600000, 0x0000000754600000|100%| O|  |TAMS 0x0000000754600000, 0x0000000754600000| Untracked 
| 125|0x0000000754600000, 0x0000000754800000, 0x0000000754800000|100%| O|  |TAMS 0x0000000754800000, 0x0000000754800000| Untracked 
| 126|0x0000000754800000, 0x0000000754a00000, 0x0000000754a00000|100%| O|  |TAMS 0x0000000754a00000, 0x0000000754a00000| Untracked 
| 127|0x0000000754a00000, 0x0000000754c00000, 0x0000000754c00000|100%| O|  |TAMS 0x0000000754c00000, 0x0000000754c00000| Untracked 
| 128|0x0000000754c00000, 0x0000000754e00000, 0x0000000754e00000|100%| O|  |TAMS 0x0000000754e00000, 0x0000000754e00000| Untracked 
| 129|0x0000000754e00000, 0x0000000755000000, 0x0000000755000000|100%| O|  |TAMS 0x0000000755000000, 0x0000000755000000| Untracked 
| 130|0x0000000755000000, 0x0000000755200000, 0x0000000755200000|100%| O|  |TAMS 0x0000000755000000, 0x0000000755200000| Untracked 
| 131|0x0000000755200000, 0x0000000755400000, 0x0000000755400000|100%| O|  |TAMS 0x0000000755200000, 0x0000000755400000| Untracked 
| 132|0x0000000755400000, 0x0000000755600000, 0x0000000755600000|100%| O|  |TAMS 0x0000000755600000, 0x0000000755600000| Untracked 
| 133|0x0000000755600000, 0x0000000755800000, 0x0000000755800000|100%| O|  |TAMS 0x0000000755800000, 0x0000000755800000| Untracked 
| 134|0x0000000755800000, 0x0000000755a00000, 0x0000000755a00000|100%| O|  |TAMS 0x0000000755a00000, 0x0000000755a00000| Untracked 
| 135|0x0000000755a00000, 0x0000000755c00000, 0x0000000755c00000|100%| O|  |TAMS 0x0000000755c00000, 0x0000000755c00000| Untracked 
| 136|0x0000000755c00000, 0x0000000755e00000, 0x0000000755e00000|100%| O|  |TAMS 0x0000000755e00000, 0x0000000755e00000| Untracked 
| 137|0x0000000755e00000, 0x0000000756000000, 0x0000000756000000|100%| O|  |TAMS 0x0000000756000000, 0x0000000756000000| Untracked 
| 138|0x0000000756000000, 0x0000000756200000, 0x0000000756200000|100%| O|  |TAMS 0x0000000756200000, 0x0000000756200000| Untracked 
| 139|0x0000000756200000, 0x0000000756400000, 0x0000000756400000|100%| O|  |TAMS 0x0000000756400000, 0x0000000756400000| Untracked 
| 140|0x0000000756400000, 0x0000000756600000, 0x0000000756600000|100%| O|  |TAMS 0x0000000756600000, 0x0000000756600000| Untracked 
| 141|0x0000000756600000, 0x0000000756800000, 0x0000000756800000|100%| O|  |TAMS 0x0000000756800000, 0x0000000756800000| Untracked 
| 142|0x0000000756800000, 0x0000000756a00000, 0x0000000756a00000|100%| O|  |TAMS 0x0000000756a00000, 0x0000000756a00000| Untracked 
| 143|0x0000000756a00000, 0x0000000756c00000, 0x0000000756c00000|100%| O|  |TAMS 0x0000000756c00000, 0x0000000756c00000| Untracked 
| 144|0x0000000756c00000, 0x0000000756e00000, 0x0000000756e00000|100%| O|  |TAMS 0x0000000756e00000, 0x0000000756e00000| Untracked 
| 145|0x0000000756e00000, 0x0000000757000000, 0x0000000757000000|100%| O|  |TAMS 0x0000000757000000, 0x0000000757000000| Untracked 
| 146|0x0000000757000000, 0x0000000757200000, 0x0000000757200000|100%| O|  |TAMS 0x0000000757200000, 0x0000000757200000| Untracked 
| 147|0x0000000757200000, 0x0000000757400000, 0x0000000757400000|100%| O|  |TAMS 0x0000000757400000, 0x0000000757400000| Untracked 
| 148|0x0000000757400000, 0x0000000757600000, 0x0000000757600000|100%| O|  |TAMS 0x0000000757400000, 0x0000000757600000| Untracked 
| 149|0x0000000757600000, 0x0000000757800000, 0x0000000757800000|100%| O|  |TAMS 0x0000000757800000, 0x0000000757800000| Untracked 
| 150|0x0000000757800000, 0x0000000757a00000, 0x0000000757a00000|100%| O|  |TAMS 0x0000000757a00000, 0x0000000757a00000| Untracked 
| 151|0x0000000757a00000, 0x0000000757c00000, 0x0000000757c00000|100%| O|  |TAMS 0x0000000757c00000, 0x0000000757c00000| Untracked 
| 152|0x0000000757c00000, 0x0000000757e00000, 0x0000000757e00000|100%| O|  |TAMS 0x0000000757e00000, 0x0000000757e00000| Untracked 
| 153|0x0000000757e00000, 0x0000000758000000, 0x0000000758000000|100%| O|  |TAMS 0x0000000758000000, 0x0000000758000000| Untracked 
| 154|0x0000000758000000, 0x0000000758200000, 0x0000000758200000|100%| O|  |TAMS 0x0000000758200000, 0x0000000758200000| Untracked 
| 155|0x0000000758200000, 0x0000000758400000, 0x0000000758400000|100%| O|  |TAMS 0x0000000758400000, 0x0000000758400000| Untracked 
| 156|0x0000000758400000, 0x0000000758600000, 0x0000000758600000|100%| O|  |TAMS 0x0000000758600000, 0x0000000758600000| Untracked 
| 157|0x0000000758600000, 0x0000000758800000, 0x0000000758800000|100%| O|  |TAMS 0x0000000758800000, 0x0000000758800000| Untracked 
| 158|0x0000000758800000, 0x0000000758a00000, 0x0000000758a00000|100%| O|  |TAMS 0x0000000758a00000, 0x0000000758a00000| Untracked 
| 159|0x0000000758a00000, 0x0000000758c00000, 0x0000000758c00000|100%| O|  |TAMS 0x0000000758c00000, 0x0000000758c00000| Untracked 
| 160|0x0000000758c00000, 0x0000000758e00000, 0x0000000758e00000|100%| O|  |TAMS 0x0000000758e00000, 0x0000000758e00000| Untracked 
| 161|0x0000000758e00000, 0x0000000759000000, 0x0000000759000000|100%| O|  |TAMS 0x0000000759000000, 0x0000000759000000| Untracked 
| 162|0x0000000759000000, 0x0000000759200000, 0x0000000759200000|100%| O|  |TAMS 0x0000000759000000, 0x0000000759200000| Untracked 
| 163|0x0000000759200000, 0x0000000759400000, 0x0000000759400000|100%| O|  |TAMS 0x0000000759200000, 0x0000000759400000| Untracked 
| 164|0x0000000759400000, 0x0000000759600000, 0x0000000759600000|100%| O|  |TAMS 0x0000000759600000, 0x0000000759600000| Untracked 
| 165|0x0000000759600000, 0x0000000759800000, 0x0000000759800000|100%| O|  |TAMS 0x0000000759800000, 0x0000000759800000| Untracked 
| 166|0x0000000759800000, 0x0000000759a00000, 0x0000000759a00000|100%| O|  |TAMS 0x0000000759a00000, 0x0000000759a00000| Untracked 
| 167|0x0000000759a00000, 0x0000000759c00000, 0x0000000759c00000|100%| O|  |TAMS 0x0000000759a00000, 0x0000000759c00000| Untracked 
| 168|0x0000000759c00000, 0x0000000759e00000, 0x0000000759e00000|100%| O|  |TAMS 0x0000000759e00000, 0x0000000759e00000| Untracked 
| 169|0x0000000759e00000, 0x000000075a000000, 0x000000075a000000|100%| O|  |TAMS 0x000000075a000000, 0x000000075a000000| Untracked 
| 170|0x000000075a000000, 0x000000075a200000, 0x000000075a200000|100%| O|  |TAMS 0x000000075a200000, 0x000000075a200000| Untracked 
| 171|0x000000075a200000, 0x000000075a400000, 0x000000075a400000|100%| O|  |TAMS 0x000000075a400000, 0x000000075a400000| Untracked 
| 172|0x000000075a400000, 0x000000075a600000, 0x000000075a600000|100%| O|  |TAMS 0x000000075a600000, 0x000000075a600000| Untracked 
| 173|0x000000075a600000, 0x000000075a800000, 0x000000075a800000|100%| O|  |TAMS 0x000000075a800000, 0x000000075a800000| Untracked 
| 174|0x000000075a800000, 0x000000075aa00000, 0x000000075aa00000|100%| O|  |TAMS 0x000000075aa00000, 0x000000075aa00000| Untracked 
| 175|0x000000075aa00000, 0x000000075ac00000, 0x000000075ac00000|100%| O|  |TAMS 0x000000075ac00000, 0x000000075ac00000| Untracked 
| 176|0x000000075ac00000, 0x000000075ae00000, 0x000000075ae00000|100%| O|  |TAMS 0x000000075ae00000, 0x000000075ae00000| Untracked 
| 177|0x000000075ae00000, 0x000000075b000000, 0x000000075b000000|100%| O|  |TAMS 0x000000075b000000, 0x000000075b000000| Untracked 
| 178|0x000000075b000000, 0x000000075b200000, 0x000000075b200000|100%| O|  |TAMS 0x000000075b200000, 0x000000075b200000| Untracked 
| 179|0x000000075b200000, 0x000000075b400000, 0x000000075b400000|100%| O|  |TAMS 0x000000075b200000, 0x000000075b400000| Untracked 
| 180|0x000000075b400000, 0x000000075b600000, 0x000000075b600000|100%| O|  |TAMS 0x000000075b600000, 0x000000075b600000| Untracked 
| 181|0x000000075b600000, 0x000000075b800000, 0x000000075b800000|100%| O|  |TAMS 0x000000075b800000, 0x000000075b800000| Untracked 
| 182|0x000000075b800000, 0x000000075ba00000, 0x000000075ba00000|100%| O|  |TAMS 0x000000075ba00000, 0x000000075ba00000| Untracked 
| 183|0x000000075ba00000, 0x000000075bc00000, 0x000000075bc00000|100%| O|  |TAMS 0x000000075bc00000, 0x000000075bc00000| Untracked 
| 184|0x000000075bc00000, 0x000000075be00000, 0x000000075be00000|100%| O|  |TAMS 0x000000075be00000, 0x000000075be00000| Untracked 
| 185|0x000000075be00000, 0x000000075c000000, 0x000000075c000000|100%| O|  |TAMS 0x000000075c000000, 0x000000075c000000| Untracked 
| 186|0x000000075c000000, 0x000000075c200000, 0x000000075c200000|100%| O|  |TAMS 0x000000075c200000, 0x000000075c200000| Untracked 
| 187|0x000000075c200000, 0x000000075c400000, 0x000000075c400000|100%| O|  |TAMS 0x000000075c400000, 0x000000075c400000| Untracked 
| 188|0x000000075c400000, 0x000000075c600000, 0x000000075c600000|100%| O|  |TAMS 0x000000075c600000, 0x000000075c600000| Untracked 
| 189|0x000000075c600000, 0x000000075c800000, 0x000000075c800000|100%| O|  |TAMS 0x000000075c600000, 0x000000075c800000| Untracked 
| 190|0x000000075c800000, 0x000000075ca00000, 0x000000075ca00000|100%| O|  |TAMS 0x000000075ca00000, 0x000000075ca00000| Untracked 
| 191|0x000000075ca00000, 0x000000075cc00000, 0x000000075cc00000|100%| O|  |TAMS 0x000000075cc00000, 0x000000075cc00000| Untracked 
| 192|0x000000075cc00000, 0x000000075ce00000, 0x000000075ce00000|100%| O|  |TAMS 0x000000075ce00000, 0x000000075ce00000| Untracked 
| 193|0x000000075ce00000, 0x000000075d000000, 0x000000075d000000|100%| O|  |TAMS 0x000000075d000000, 0x000000075d000000| Untracked 
| 194|0x000000075d000000, 0x000000075d200000, 0x000000075d200000|100%| O|  |TAMS 0x000000075d200000, 0x000000075d200000| Untracked 
| 195|0x000000075d200000, 0x000000075d400000, 0x000000075d400000|100%| O|  |TAMS 0x000000075d400000, 0x000000075d400000| Untracked 
| 196|0x000000075d400000, 0x000000075d600000, 0x000000075d600000|100%| O|  |TAMS 0x000000075d600000, 0x000000075d600000| Untracked 
| 197|0x000000075d600000, 0x000000075d800000, 0x000000075d800000|100%| O|  |TAMS 0x000000075d800000, 0x000000075d800000| Untracked 
| 198|0x000000075d800000, 0x000000075da00000, 0x000000075da00000|100%| O|  |TAMS 0x000000075d800000, 0x000000075da00000| Untracked 
| 199|0x000000075da00000, 0x000000075dc00000, 0x000000075dc00000|100%| O|  |TAMS 0x000000075dc00000, 0x000000075dc00000| Untracked 
| 200|0x000000075dc00000, 0x000000075de00000, 0x000000075de00000|100%| O|  |TAMS 0x000000075de00000, 0x000000075de00000| Untracked 
| 201|0x000000075de00000, 0x000000075e000000, 0x000000075e000000|100%| O|  |TAMS 0x000000075e000000, 0x000000075e000000| Untracked 
| 202|0x000000075e000000, 0x000000075e200000, 0x000000075e200000|100%| O|  |TAMS 0x000000075e200000, 0x000000075e200000| Untracked 
| 203|0x000000075e200000, 0x000000075e400000, 0x000000075e400000|100%| O|  |TAMS 0x000000075e400000, 0x000000075e400000| Untracked 
| 204|0x000000075e400000, 0x000000075e600000, 0x000000075e600000|100%| O|  |TAMS 0x000000075e600000, 0x000000075e600000| Untracked 
| 205|0x000000075e600000, 0x000000075e800000, 0x000000075e800000|100%| O|  |TAMS 0x000000075e800000, 0x000000075e800000| Untracked 
| 206|0x000000075e800000, 0x000000075ea00000, 0x000000075ea00000|100%| O|  |TAMS 0x000000075ea00000, 0x000000075ea00000| Untracked 
| 207|0x000000075ea00000, 0x000000075ec00000, 0x000000075ec00000|100%| O|  |TAMS 0x000000075ec00000, 0x000000075ec00000| Untracked 
| 208|0x000000075ec00000, 0x000000075ee00000, 0x000000075ee00000|100%| O|  |TAMS 0x000000075ee00000, 0x000000075ee00000| Untracked 
| 209|0x000000075ee00000, 0x000000075f000000, 0x000000075f000000|100%| O|  |TAMS 0x000000075f000000, 0x000000075f000000| Untracked 
| 210|0x000000075f000000, 0x000000075f200000, 0x000000075f200000|100%| O|  |TAMS 0x000000075f200000, 0x000000075f200000| Untracked 
| 211|0x000000075f200000, 0x000000075f400000, 0x000000075f400000|100%| O|  |TAMS 0x000000075f400000, 0x000000075f400000| Untracked 
| 212|0x000000075f400000, 0x000000075f600000, 0x000000075f600000|100%| O|  |TAMS 0x000000075f600000, 0x000000075f600000| Untracked 
| 213|0x000000075f600000, 0x000000075f800000, 0x000000075f800000|100%| O|  |TAMS 0x000000075f800000, 0x000000075f800000| Untracked 
| 214|0x000000075f800000, 0x000000075fa00000, 0x000000075fa00000|100%| O|  |TAMS 0x000000075fa00000, 0x000000075fa00000| Untracked 
| 215|0x000000075fa00000, 0x000000075fc00000, 0x000000075fc00000|100%| O|  |TAMS 0x000000075fc00000, 0x000000075fc00000| Untracked 
| 216|0x000000075fc00000, 0x000000075fe00000, 0x000000075fe00000|100%| O|  |TAMS 0x000000075fe00000, 0x000000075fe00000| Untracked 
| 217|0x000000075fe00000, 0x0000000760000000, 0x0000000760000000|100%| O|  |TAMS 0x0000000760000000, 0x0000000760000000| Untracked 
| 218|0x0000000760000000, 0x0000000760200000, 0x0000000760200000|100%| O|  |TAMS 0x0000000760200000, 0x0000000760200000| Untracked 
| 219|0x0000000760200000, 0x0000000760400000, 0x0000000760400000|100%| O|  |TAMS 0x0000000760400000, 0x0000000760400000| Untracked 
| 220|0x0000000760400000, 0x0000000760600000, 0x0000000760600000|100%| O|  |TAMS 0x0000000760600000, 0x0000000760600000| Untracked 
| 221|0x0000000760600000, 0x0000000760800000, 0x0000000760800000|100%| O|  |TAMS 0x0000000760800000, 0x0000000760800000| Untracked 
| 222|0x0000000760800000, 0x0000000760a00000, 0x0000000760a00000|100%| O|  |TAMS 0x0000000760a00000, 0x0000000760a00000| Untracked 
| 223|0x0000000760a00000, 0x0000000760c00000, 0x0000000760c00000|100%| O|  |TAMS 0x0000000760c00000, 0x0000000760c00000| Untracked 
| 224|0x0000000760c00000, 0x0000000760e00000, 0x0000000760e00000|100%| O|  |TAMS 0x0000000760e00000, 0x0000000760e00000| Untracked 
| 225|0x0000000760e00000, 0x0000000761000000, 0x0000000761000000|100%| O|  |TAMS 0x0000000761000000, 0x0000000761000000| Untracked 
| 226|0x0000000761000000, 0x0000000761200000, 0x0000000761200000|100%| O|  |TAMS 0x0000000761200000, 0x0000000761200000| Untracked 
| 227|0x0000000761200000, 0x0000000761400000, 0x0000000761400000|100%| O|  |TAMS 0x0000000761400000, 0x0000000761400000| Untracked 
| 228|0x0000000761400000, 0x0000000761600000, 0x0000000761600000|100%| O|  |TAMS 0x0000000761600000, 0x0000000761600000| Untracked 
| 229|0x0000000761600000, 0x0000000761800000, 0x0000000761800000|100%| O|  |TAMS 0x0000000761800000, 0x0000000761800000| Untracked 
| 230|0x0000000761800000, 0x0000000761a00000, 0x0000000761a00000|100%| O|  |TAMS 0x0000000761a00000, 0x0000000761a00000| Untracked 
| 231|0x0000000761a00000, 0x0000000761c00000, 0x0000000761c00000|100%| O|  |TAMS 0x0000000761c00000, 0x0000000761c00000| Untracked 
| 232|0x0000000761c00000, 0x0000000761e00000, 0x0000000761e00000|100%| O|  |TAMS 0x0000000761e00000, 0x0000000761e00000| Untracked 
| 233|0x0000000761e00000, 0x0000000762000000, 0x0000000762000000|100%| O|  |TAMS 0x0000000762000000, 0x0000000762000000| Untracked 
| 234|0x0000000762000000, 0x0000000762200000, 0x0000000762200000|100%| O|  |TAMS 0x0000000762200000, 0x0000000762200000| Untracked 
| 235|0x0000000762200000, 0x0000000762400000, 0x0000000762400000|100%| O|  |TAMS 0x0000000762400000, 0x0000000762400000| Untracked 
| 236|0x0000000762400000, 0x0000000762600000, 0x0000000762600000|100%| O|  |TAMS 0x0000000762600000, 0x0000000762600000| Untracked 
| 237|0x0000000762600000, 0x0000000762800000, 0x0000000762800000|100%| O|  |TAMS 0x0000000762800000, 0x0000000762800000| Untracked 
| 238|0x0000000762800000, 0x0000000762a00000, 0x0000000762a00000|100%| O|  |TAMS 0x0000000762a00000, 0x0000000762a00000| Untracked 
| 239|0x0000000762a00000, 0x0000000762c00000, 0x0000000762c00000|100%| O|  |TAMS 0x0000000762a00000, 0x0000000762c00000| Untracked 
| 240|0x0000000762c00000, 0x0000000762e00000, 0x0000000762e00000|100%| O|  |TAMS 0x0000000762e00000, 0x0000000762e00000| Untracked 
| 241|0x0000000762e00000, 0x0000000763000000, 0x0000000763000000|100%| O|  |TAMS 0x0000000763000000, 0x0000000763000000| Untracked 
| 242|0x0000000763000000, 0x0000000763200000, 0x0000000763200000|100%| O|  |TAMS 0x0000000763200000, 0x0000000763200000| Untracked 
| 243|0x0000000763200000, 0x0000000763400000, 0x0000000763400000|100%| O|  |TAMS 0x0000000763400000, 0x0000000763400000| Untracked 
| 244|0x0000000763400000, 0x0000000763600000, 0x0000000763600000|100%| O|  |TAMS 0x0000000763600000, 0x0000000763600000| Untracked 
| 245|0x0000000763600000, 0x0000000763800000, 0x0000000763800000|100%| O|  |TAMS 0x0000000763800000, 0x0000000763800000| Untracked 
| 246|0x0000000763800000, 0x0000000763a00000, 0x0000000763a00000|100%| O|  |TAMS 0x0000000763a00000, 0x0000000763a00000| Untracked 
| 247|0x0000000763a00000, 0x0000000763c00000, 0x0000000763c00000|100%| O|  |TAMS 0x0000000763c00000, 0x0000000763c00000| Untracked 
| 248|0x0000000763c00000, 0x0000000763e00000, 0x0000000763e00000|100%| O|  |TAMS 0x0000000763e00000, 0x0000000763e00000| Untracked 
| 249|0x0000000763e00000, 0x0000000764000000, 0x0000000764000000|100%| O|  |TAMS 0x0000000764000000, 0x0000000764000000| Untracked 
| 250|0x0000000764000000, 0x0000000764200000, 0x0000000764200000|100%| O|  |TAMS 0x0000000764200000, 0x0000000764200000| Untracked 
| 251|0x0000000764200000, 0x0000000764400000, 0x0000000764400000|100%| O|  |TAMS 0x0000000764400000, 0x0000000764400000| Untracked 
| 252|0x0000000764400000, 0x0000000764600000, 0x0000000764600000|100%| O|  |TAMS 0x0000000764600000, 0x0000000764600000| Untracked 
| 253|0x0000000764600000, 0x0000000764800000, 0x0000000764800000|100%| O|  |TAMS 0x0000000764800000, 0x0000000764800000| Untracked 
| 254|0x0000000764800000, 0x0000000764a00000, 0x0000000764a00000|100%| O|  |TAMS 0x0000000764a00000, 0x0000000764a00000| Untracked 
| 255|0x0000000764a00000, 0x0000000764c00000, 0x0000000764c00000|100%| O|  |TAMS 0x0000000764c00000, 0x0000000764c00000| Untracked 
| 256|0x0000000764c00000, 0x0000000764e00000, 0x0000000764e00000|100%| O|  |TAMS 0x0000000764e00000, 0x0000000764e00000| Untracked 
| 257|0x0000000764e00000, 0x0000000765000000, 0x0000000765000000|100%| O|  |TAMS 0x0000000765000000, 0x0000000765000000| Untracked 
| 258|0x0000000765000000, 0x0000000765200000, 0x0000000765200000|100%| O|  |TAMS 0x0000000765200000, 0x0000000765200000| Untracked 
| 259|0x0000000765200000, 0x0000000765400000, 0x0000000765400000|100%| O|  |TAMS 0x0000000765400000, 0x0000000765400000| Untracked 
| 260|0x0000000765400000, 0x0000000765600000, 0x0000000765600000|100%| O|  |TAMS 0x0000000765600000, 0x0000000765600000| Untracked 
| 261|0x0000000765600000, 0x0000000765800000, 0x0000000765800000|100%| O|  |TAMS 0x0000000765800000, 0x0000000765800000| Untracked 
| 262|0x0000000765800000, 0x0000000765a00000, 0x0000000765a00000|100%| O|  |TAMS 0x0000000765a00000, 0x0000000765a00000| Untracked 
| 263|0x0000000765a00000, 0x0000000765c00000, 0x0000000765c00000|100%| O|  |TAMS 0x0000000765c00000, 0x0000000765c00000| Untracked 
| 264|0x0000000765c00000, 0x0000000765e00000, 0x0000000765e00000|100%| O|  |TAMS 0x0000000765e00000, 0x0000000765e00000| Untracked 
| 265|0x0000000765e00000, 0x0000000766000000, 0x0000000766000000|100%| O|  |TAMS 0x0000000766000000, 0x0000000766000000| Untracked 
| 266|0x0000000766000000, 0x0000000766200000, 0x0000000766200000|100%| O|  |TAMS 0x0000000766000000, 0x0000000766200000| Untracked 
| 267|0x0000000766200000, 0x0000000766400000, 0x0000000766400000|100%| O|  |TAMS 0x0000000766200000, 0x0000000766400000| Untracked 
| 268|0x0000000766400000, 0x0000000766600000, 0x0000000766600000|100%| O|  |TAMS 0x0000000766400000, 0x0000000766600000| Untracked 
| 269|0x0000000766600000, 0x0000000766800000, 0x0000000766800000|100%| O|  |TAMS 0x0000000766600000, 0x0000000766800000| Untracked 
| 270|0x0000000766800000, 0x0000000766a00000, 0x0000000766a00000|100%| O|  |TAMS 0x0000000766800000, 0x0000000766a00000| Untracked 
| 271|0x0000000766a00000, 0x0000000766c00000, 0x0000000766c00000|100%| O|  |TAMS 0x0000000766a00000, 0x0000000766c00000| Untracked 
| 272|0x0000000766c00000, 0x0000000766e00000, 0x0000000766e00000|100%| O|  |TAMS 0x0000000766c00000, 0x0000000766e00000| Untracked 
| 273|0x0000000766e00000, 0x0000000767000000, 0x0000000767000000|100%| O|  |TAMS 0x0000000766e00000, 0x0000000767000000| Untracked 
| 274|0x0000000767000000, 0x0000000767200000, 0x0000000767200000|100%| O|  |TAMS 0x0000000767000000, 0x0000000767200000| Untracked 
| 275|0x0000000767200000, 0x0000000767400000, 0x0000000767400000|100%| O|  |TAMS 0x0000000767200000, 0x0000000767400000| Untracked 
| 276|0x0000000767400000, 0x0000000767600000, 0x0000000767600000|100%| O|  |TAMS 0x0000000767400000, 0x0000000767600000| Untracked 
| 277|0x0000000767600000, 0x0000000767800000, 0x0000000767800000|100%| O|  |TAMS 0x0000000767600000, 0x0000000767800000| Untracked 
| 278|0x0000000767800000, 0x0000000767a00000, 0x0000000767a00000|100%| O|  |TAMS 0x0000000767800000, 0x0000000767a00000| Untracked 
| 279|0x0000000767a00000, 0x0000000767c00000, 0x0000000767c00000|100%| O|  |TAMS 0x0000000767a00000, 0x0000000767c00000| Untracked 
| 280|0x0000000767c00000, 0x0000000767e00000, 0x0000000767e00000|100%| O|  |TAMS 0x0000000767c00000, 0x0000000767e00000| Untracked 
| 281|0x0000000767e00000, 0x0000000768000000, 0x0000000768000000|100%| O|  |TAMS 0x0000000767e00000, 0x0000000768000000| Untracked 
| 282|0x0000000768000000, 0x0000000768200000, 0x0000000768200000|100%| O|  |TAMS 0x0000000768000000, 0x0000000768200000| Untracked 
| 283|0x0000000768200000, 0x0000000768400000, 0x0000000768400000|100%| O|  |TAMS 0x0000000768200000, 0x0000000768400000| Untracked 
| 284|0x0000000768400000, 0x0000000768600000, 0x0000000768600000|100%| O|  |TAMS 0x0000000768400000, 0x0000000768600000| Untracked 
| 285|0x0000000768600000, 0x0000000768800000, 0x0000000768800000|100%| O|  |TAMS 0x0000000768600000, 0x0000000768800000| Untracked 
| 286|0x0000000768800000, 0x0000000768a00000, 0x0000000768a00000|100%| O|  |TAMS 0x0000000768800000, 0x0000000768a00000| Untracked 
| 287|0x0000000768a00000, 0x0000000768c00000, 0x0000000768c00000|100%| O|  |TAMS 0x0000000768a00000, 0x0000000768c00000| Untracked 
| 288|0x0000000768c00000, 0x0000000768e00000, 0x0000000768e00000|100%| O|  |TAMS 0x0000000768c00000, 0x0000000768e00000| Untracked 
| 289|0x0000000768e00000, 0x0000000769000000, 0x0000000769000000|100%| O|  |TAMS 0x0000000768e00000, 0x0000000769000000| Untracked 
| 290|0x0000000769000000, 0x0000000769200000, 0x0000000769200000|100%| O|  |TAMS 0x0000000769000000, 0x0000000769200000| Untracked 
| 291|0x0000000769200000, 0x0000000769400000, 0x0000000769400000|100%| O|  |TAMS 0x0000000769200000, 0x0000000769400000| Untracked 
| 292|0x0000000769400000, 0x0000000769600000, 0x0000000769600000|100%| O|  |TAMS 0x0000000769400000, 0x0000000769600000| Untracked 
| 293|0x0000000769600000, 0x0000000769800000, 0x0000000769800000|100%| O|  |TAMS 0x0000000769600000, 0x0000000769800000| Untracked 
| 294|0x0000000769800000, 0x0000000769a00000, 0x0000000769a00000|100%| O|  |TAMS 0x0000000769800000, 0x0000000769a00000| Untracked 
| 295|0x0000000769a00000, 0x0000000769c00000, 0x0000000769c00000|100%| O|  |TAMS 0x0000000769a00000, 0x0000000769c00000| Untracked 
| 296|0x0000000769c00000, 0x0000000769e00000, 0x0000000769e00000|100%| O|  |TAMS 0x0000000769c00000, 0x0000000769e00000| Untracked 
| 297|0x0000000769e00000, 0x000000076a000000, 0x000000076a000000|100%| O|  |TAMS 0x0000000769e00000, 0x000000076a000000| Untracked 
| 298|0x000000076a000000, 0x000000076a200000, 0x000000076a200000|100%| O|  |TAMS 0x000000076a000000, 0x000000076a200000| Untracked 
| 299|0x000000076a200000, 0x000000076a400000, 0x000000076a400000|100%| O|  |TAMS 0x000000076a200000, 0x000000076a400000| Untracked 
| 300|0x000000076a400000, 0x000000076a600000, 0x000000076a600000|100%| O|  |TAMS 0x000000076a400000, 0x000000076a600000| Untracked 
| 301|0x000000076a600000, 0x000000076a800000, 0x000000076a800000|100%| O|  |TAMS 0x000000076a600000, 0x000000076a800000| Untracked 
| 302|0x000000076a800000, 0x000000076aa00000, 0x000000076aa00000|100%| O|  |TAMS 0x000000076a800000, 0x000000076aa00000| Untracked 
| 303|0x000000076aa00000, 0x000000076ac00000, 0x000000076ac00000|100%| O|  |TAMS 0x000000076aa00000, 0x000000076ac00000| Untracked 
| 304|0x000000076ac00000, 0x000000076ae00000, 0x000000076ae00000|100%| O|  |TAMS 0x000000076ac00000, 0x000000076ae00000| Untracked 
| 305|0x000000076ae00000, 0x000000076b000000, 0x000000076b000000|100%| O|  |TAMS 0x000000076ae00000, 0x000000076b000000| Untracked 
| 306|0x000000076b000000, 0x000000076b200000, 0x000000076b200000|100%| O|  |TAMS 0x000000076b000000, 0x000000076b200000| Untracked 
| 307|0x000000076b200000, 0x000000076b400000, 0x000000076b400000|100%| O|  |TAMS 0x000000076b200000, 0x000000076b400000| Untracked 
| 308|0x000000076b400000, 0x000000076b600000, 0x000000076b600000|100%| O|  |TAMS 0x000000076b400000, 0x000000076b600000| Untracked 
| 309|0x000000076b600000, 0x000000076b800000, 0x000000076b800000|100%| O|  |TAMS 0x000000076b600000, 0x000000076b800000| Untracked 
| 310|0x000000076b800000, 0x000000076ba00000, 0x000000076ba00000|100%| O|  |TAMS 0x000000076b800000, 0x000000076ba00000| Untracked 
| 311|0x000000076ba00000, 0x000000076bc00000, 0x000000076bc00000|100%| O|  |TAMS 0x000000076ba00000, 0x000000076bc00000| Untracked 
| 312|0x000000076bc00000, 0x000000076be00000, 0x000000076be00000|100%| O|  |TAMS 0x000000076bc00000, 0x000000076be00000| Untracked 
| 313|0x000000076be00000, 0x000000076c000000, 0x000000076c000000|100%| O|  |TAMS 0x000000076be00000, 0x000000076c000000| Untracked 
| 314|0x000000076c000000, 0x000000076c200000, 0x000000076c200000|100%| O|  |TAMS 0x000000076c000000, 0x000000076c200000| Untracked 
| 315|0x000000076c200000, 0x000000076c400000, 0x000000076c400000|100%| O|  |TAMS 0x000000076c200000, 0x000000076c400000| Untracked 
| 316|0x000000076c400000, 0x000000076c600000, 0x000000076c600000|100%| O|  |TAMS 0x000000076c400000, 0x000000076c600000| Untracked 
| 317|0x000000076c600000, 0x000000076c800000, 0x000000076c800000|100%| O|  |TAMS 0x000000076c600000, 0x000000076c800000| Untracked 
| 318|0x000000076c800000, 0x000000076ca00000, 0x000000076ca00000|100%| O|  |TAMS 0x000000076c800000, 0x000000076ca00000| Untracked 
| 319|0x000000076ca00000, 0x000000076cc00000, 0x000000076cc00000|100%| O|  |TAMS 0x000000076ca00000, 0x000000076cc00000| Untracked 
| 320|0x000000076cc00000, 0x000000076ce00000, 0x000000076ce00000|100%| O|  |TAMS 0x000000076cc00000, 0x000000076ce00000| Untracked 
| 321|0x000000076ce00000, 0x000000076d000000, 0x000000076d000000|100%| O|  |TAMS 0x000000076ce00000, 0x000000076d000000| Untracked 
| 322|0x000000076d000000, 0x000000076d200000, 0x000000076d200000|100%| O|  |TAMS 0x000000076d000000, 0x000000076d200000| Untracked 
| 323|0x000000076d200000, 0x000000076d400000, 0x000000076d400000|100%| O|  |TAMS 0x000000076d200000, 0x000000076d400000| Untracked 
| 324|0x000000076d400000, 0x000000076d600000, 0x000000076d600000|100%| O|  |TAMS 0x000000076d400000, 0x000000076d600000| Untracked 
| 325|0x000000076d600000, 0x000000076d800000, 0x000000076d800000|100%| O|  |TAMS 0x000000076d600000, 0x000000076d800000| Untracked 
| 326|0x000000076d800000, 0x000000076da00000, 0x000000076da00000|100%| O|  |TAMS 0x000000076d800000, 0x000000076da00000| Untracked 
| 327|0x000000076da00000, 0x000000076dc00000, 0x000000076dc00000|100%| O|  |TAMS 0x000000076da00000, 0x000000076dc00000| Untracked 
| 328|0x000000076dc00000, 0x000000076de00000, 0x000000076de00000|100%| O|  |TAMS 0x000000076dc00000, 0x000000076de00000| Untracked 
| 329|0x000000076de00000, 0x000000076e000000, 0x000000076e000000|100%| O|  |TAMS 0x000000076de00000, 0x000000076e000000| Untracked 
| 330|0x000000076e000000, 0x000000076e200000, 0x000000076e200000|100%| O|  |TAMS 0x000000076e000000, 0x000000076e200000| Untracked 
| 331|0x000000076e200000, 0x000000076e400000, 0x000000076e400000|100%| O|  |TAMS 0x000000076e200000, 0x000000076e400000| Untracked 
| 332|0x000000076e400000, 0x000000076e600000, 0x000000076e600000|100%| O|  |TAMS 0x000000076e400000, 0x000000076e600000| Untracked 
| 333|0x000000076e600000, 0x000000076e800000, 0x000000076e800000|100%| O|  |TAMS 0x000000076e600000, 0x000000076e800000| Untracked 
| 334|0x000000076e800000, 0x000000076ea00000, 0x000000076ea00000|100%| O|  |TAMS 0x000000076e800000, 0x000000076ea00000| Untracked 
| 335|0x000000076ea00000, 0x000000076ec00000, 0x000000076ec00000|100%| O|  |TAMS 0x000000076ea00000, 0x000000076ec00000| Untracked 
| 336|0x000000076ec00000, 0x000000076ee00000, 0x000000076ee00000|100%| O|  |TAMS 0x000000076ec00000, 0x000000076ee00000| Untracked 
| 337|0x000000076ee00000, 0x000000076f000000, 0x000000076f000000|100%| O|  |TAMS 0x000000076ee00000, 0x000000076f000000| Untracked 
| 338|0x000000076f000000, 0x000000076f200000, 0x000000076f200000|100%| O|  |TAMS 0x000000076f000000, 0x000000076f200000| Untracked 
| 339|0x000000076f200000, 0x000000076f400000, 0x000000076f400000|100%| O|  |TAMS 0x000000076f200000, 0x000000076f400000| Untracked 
| 340|0x000000076f400000, 0x000000076f600000, 0x000000076f600000|100%| O|  |TAMS 0x000000076f400000, 0x000000076f600000| Untracked 
| 341|0x000000076f600000, 0x000000076f800000, 0x000000076f800000|100%| O|  |TAMS 0x000000076f600000, 0x000000076f800000| Untracked 
| 342|0x000000076f800000, 0x000000076fa00000, 0x000000076fa00000|100%| O|  |TAMS 0x000000076f800000, 0x000000076fa00000| Untracked 
| 343|0x000000076fa00000, 0x000000076fc00000, 0x000000076fc00000|100%| O|  |TAMS 0x000000076fa00000, 0x000000076fc00000| Untracked 
| 344|0x000000076fc00000, 0x000000076fe00000, 0x000000076fe00000|100%| O|  |TAMS 0x000000076fc00000, 0x000000076fe00000| Untracked 
| 345|0x000000076fe00000, 0x0000000770000000, 0x0000000770000000|100%| O|  |TAMS 0x000000076fe00000, 0x0000000770000000| Untracked 
| 346|0x0000000770000000, 0x0000000770200000, 0x0000000770200000|100%| O|  |TAMS 0x0000000770000000, 0x0000000770200000| Untracked 
| 347|0x0000000770200000, 0x0000000770400000, 0x0000000770400000|100%| O|  |TAMS 0x0000000770200000, 0x0000000770400000| Untracked 
| 348|0x0000000770400000, 0x0000000770600000, 0x0000000770600000|100%| O|  |TAMS 0x0000000770400000, 0x0000000770600000| Untracked 
| 349|0x0000000770600000, 0x0000000770800000, 0x0000000770800000|100%| O|  |TAMS 0x0000000770600000, 0x0000000770800000| Untracked 
| 350|0x0000000770800000, 0x0000000770a00000, 0x0000000770a00000|100%| O|  |TAMS 0x0000000770800000, 0x0000000770a00000| Untracked 
| 351|0x0000000770a00000, 0x0000000770c00000, 0x0000000770c00000|100%| O|  |TAMS 0x0000000770a00000, 0x0000000770c00000| Untracked 
| 352|0x0000000770c00000, 0x0000000770e00000, 0x0000000770e00000|100%| O|  |TAMS 0x0000000770c00000, 0x0000000770e00000| Untracked 
| 353|0x0000000770e00000, 0x0000000771000000, 0x0000000771000000|100%| O|  |TAMS 0x0000000770e00000, 0x0000000771000000| Untracked 
| 354|0x0000000771000000, 0x0000000771200000, 0x0000000771200000|100%| O|  |TAMS 0x0000000771000000, 0x0000000771200000| Untracked 
| 355|0x0000000771200000, 0x0000000771400000, 0x0000000771400000|100%| O|  |TAMS 0x0000000771200000, 0x0000000771400000| Untracked 
| 356|0x0000000771400000, 0x0000000771600000, 0x0000000771600000|100%| O|  |TAMS 0x0000000771400000, 0x0000000771600000| Untracked 
| 357|0x0000000771600000, 0x0000000771800000, 0x0000000771800000|100%| O|  |TAMS 0x0000000771600000, 0x0000000771800000| Untracked 
| 358|0x0000000771800000, 0x0000000771a00000, 0x0000000771a00000|100%| O|  |TAMS 0x0000000771800000, 0x0000000771a00000| Untracked 
| 359|0x0000000771a00000, 0x0000000771c00000, 0x0000000771c00000|100%| O|  |TAMS 0x0000000771a00000, 0x0000000771c00000| Untracked 
| 360|0x0000000771c00000, 0x0000000771e00000, 0x0000000771e00000|100%| O|  |TAMS 0x0000000771c00000, 0x0000000771e00000| Untracked 
| 361|0x0000000771e00000, 0x0000000772000000, 0x0000000772000000|100%| O|  |TAMS 0x0000000771e00000, 0x0000000772000000| Untracked 
| 362|0x0000000772000000, 0x0000000772200000, 0x0000000772200000|100%| O|  |TAMS 0x0000000772000000, 0x0000000772200000| Untracked 
| 363|0x0000000772200000, 0x0000000772400000, 0x0000000772400000|100%| O|  |TAMS 0x0000000772200000, 0x0000000772400000| Untracked 
| 364|0x0000000772400000, 0x0000000772600000, 0x0000000772600000|100%| O|  |TAMS 0x0000000772400000, 0x0000000772600000| Untracked 
| 365|0x0000000772600000, 0x0000000772800000, 0x0000000772800000|100%| O|  |TAMS 0x0000000772600000, 0x0000000772800000| Untracked 
| 366|0x0000000772800000, 0x0000000772a00000, 0x0000000772a00000|100%| O|  |TAMS 0x0000000772800000, 0x0000000772a00000| Untracked 
| 367|0x0000000772a00000, 0x0000000772c00000, 0x0000000772c00000|100%| O|  |TAMS 0x0000000772a00000, 0x0000000772c00000| Untracked 
| 368|0x0000000772c00000, 0x0000000772e00000, 0x0000000772e00000|100%| O|  |TAMS 0x0000000772c00000, 0x0000000772e00000| Untracked 
| 369|0x0000000772e00000, 0x0000000773000000, 0x0000000773000000|100%| O|  |TAMS 0x0000000772e00000, 0x0000000773000000| Untracked 
| 370|0x0000000773000000, 0x0000000773200000, 0x0000000773200000|100%| O|  |TAMS 0x0000000773000000, 0x0000000773200000| Untracked 
| 371|0x0000000773200000, 0x0000000773400000, 0x0000000773400000|100%| O|  |TAMS 0x0000000773200000, 0x0000000773400000| Untracked 
| 372|0x0000000773400000, 0x0000000773600000, 0x0000000773600000|100%| O|  |TAMS 0x0000000773400000, 0x0000000773600000| Untracked 
| 373|0x0000000773600000, 0x0000000773800000, 0x0000000773800000|100%| O|  |TAMS 0x0000000773600000, 0x0000000773800000| Untracked 
| 374|0x0000000773800000, 0x0000000773a00000, 0x0000000773a00000|100%| O|  |TAMS 0x0000000773800000, 0x0000000773a00000| Untracked 
| 375|0x0000000773a00000, 0x0000000773c00000, 0x0000000773c00000|100%| O|  |TAMS 0x0000000773a00000, 0x0000000773c00000| Untracked 
| 376|0x0000000773c00000, 0x0000000773e00000, 0x0000000773e00000|100%| O|  |TAMS 0x0000000773c00000, 0x0000000773e00000| Untracked 
| 377|0x0000000773e00000, 0x0000000774000000, 0x0000000774000000|100%| O|  |TAMS 0x0000000773e00000, 0x0000000774000000| Untracked 
| 378|0x0000000774000000, 0x0000000774200000, 0x0000000774200000|100%| O|  |TAMS 0x0000000774000000, 0x0000000774200000| Untracked 
| 379|0x0000000774200000, 0x0000000774400000, 0x0000000774400000|100%| O|  |TAMS 0x0000000774200000, 0x0000000774400000| Untracked 
| 380|0x0000000774400000, 0x0000000774600000, 0x0000000774600000|100%| O|  |TAMS 0x0000000774400000, 0x0000000774600000| Untracked 
| 381|0x0000000774600000, 0x0000000774800000, 0x0000000774800000|100%| O|  |TAMS 0x0000000774600000, 0x0000000774800000| Untracked 
| 382|0x0000000774800000, 0x0000000774a00000, 0x0000000774a00000|100%| O|  |TAMS 0x0000000774800000, 0x0000000774a00000| Untracked 
| 383|0x0000000774a00000, 0x0000000774c00000, 0x0000000774c00000|100%| O|  |TAMS 0x0000000774a00000, 0x0000000774c00000| Untracked 
| 384|0x0000000774c00000, 0x0000000774e00000, 0x0000000774e00000|100%| O|  |TAMS 0x0000000774c00000, 0x0000000774e00000| Untracked 
| 385|0x0000000774e00000, 0x0000000775000000, 0x0000000775000000|100%| O|  |TAMS 0x0000000774e00000, 0x0000000775000000| Untracked 
| 386|0x0000000775000000, 0x0000000775200000, 0x0000000775200000|100%| O|  |TAMS 0x0000000775000000, 0x0000000775200000| Untracked 
| 387|0x0000000775200000, 0x0000000775400000, 0x0000000775400000|100%| O|  |TAMS 0x0000000775200000, 0x0000000775400000| Untracked 
| 388|0x0000000775400000, 0x0000000775600000, 0x0000000775600000|100%| O|  |TAMS 0x0000000775400000, 0x0000000775600000| Untracked 
| 389|0x0000000775600000, 0x0000000775800000, 0x0000000775800000|100%| O|  |TAMS 0x0000000775600000, 0x0000000775800000| Untracked 
| 390|0x0000000775800000, 0x0000000775a00000, 0x0000000775a00000|100%| O|  |TAMS 0x0000000775800000, 0x0000000775a00000| Untracked 
| 391|0x0000000775a00000, 0x0000000775c00000, 0x0000000775c00000|100%| O|  |TAMS 0x0000000775a00000, 0x0000000775c00000| Untracked 
| 392|0x0000000775c00000, 0x0000000775e00000, 0x0000000775e00000|100%| O|  |TAMS 0x0000000775c00000, 0x0000000775e00000| Untracked 
| 393|0x0000000775e00000, 0x0000000776000000, 0x0000000776000000|100%| O|  |TAMS 0x0000000775e00000, 0x0000000776000000| Untracked 
| 394|0x0000000776000000, 0x0000000776200000, 0x0000000776200000|100%| O|  |TAMS 0x0000000776000000, 0x0000000776200000| Untracked 
| 395|0x0000000776200000, 0x0000000776400000, 0x0000000776400000|100%| O|  |TAMS 0x0000000776200000, 0x0000000776400000| Untracked 
| 396|0x0000000776400000, 0x0000000776600000, 0x0000000776600000|100%| O|  |TAMS 0x0000000776400000, 0x0000000776600000| Untracked 
| 397|0x0000000776600000, 0x0000000776800000, 0x0000000776800000|100%| O|  |TAMS 0x0000000776600000, 0x0000000776800000| Untracked 
| 398|0x0000000776800000, 0x0000000776a00000, 0x0000000776a00000|100%| O|  |TAMS 0x0000000776800000, 0x0000000776a00000| Untracked 
| 399|0x0000000776a00000, 0x0000000776c00000, 0x0000000776c00000|100%| O|  |TAMS 0x0000000776a00000, 0x0000000776c00000| Untracked 
| 400|0x0000000776c00000, 0x0000000776e00000, 0x0000000776e00000|100%| O|  |TAMS 0x0000000776c00000, 0x0000000776e00000| Untracked 
| 401|0x0000000776e00000, 0x0000000777000000, 0x0000000777000000|100%| O|  |TAMS 0x0000000776e00000, 0x0000000777000000| Untracked 
| 402|0x0000000777000000, 0x0000000777200000, 0x0000000777200000|100%| O|  |TAMS 0x0000000777000000, 0x0000000777200000| Untracked 
| 403|0x0000000777200000, 0x0000000777400000, 0x0000000777400000|100%| O|  |TAMS 0x0000000777200000, 0x0000000777400000| Untracked 
| 404|0x0000000777400000, 0x0000000777600000, 0x0000000777600000|100%| O|  |TAMS 0x0000000777400000, 0x0000000777600000| Untracked 
| 405|0x0000000777600000, 0x0000000777800000, 0x0000000777800000|100%| O|  |TAMS 0x0000000777600000, 0x0000000777800000| Untracked 
| 406|0x0000000777800000, 0x0000000777a00000, 0x0000000777a00000|100%| O|  |TAMS 0x0000000777800000, 0x0000000777a00000| Untracked 
| 407|0x0000000777a00000, 0x0000000777c00000, 0x0000000777c00000|100%| O|  |TAMS 0x0000000777a00000, 0x0000000777c00000| Untracked 
| 408|0x0000000777c00000, 0x0000000777e00000, 0x0000000777e00000|100%| O|  |TAMS 0x0000000777c00000, 0x0000000777e00000| Untracked 
| 409|0x0000000777e00000, 0x0000000778000000, 0x0000000778000000|100%| O|  |TAMS 0x0000000777e00000, 0x0000000778000000| Untracked 
| 410|0x0000000778000000, 0x0000000778200000, 0x0000000778200000|100%| O|  |TAMS 0x0000000778000000, 0x0000000778200000| Untracked 
| 411|0x0000000778200000, 0x0000000778400000, 0x0000000778400000|100%| O|  |TAMS 0x0000000778200000, 0x0000000778400000| Untracked 
| 412|0x0000000778400000, 0x0000000778600000, 0x0000000778600000|100%| O|  |TAMS 0x0000000778400000, 0x0000000778600000| Untracked 
| 413|0x0000000778600000, 0x0000000778800000, 0x0000000778800000|100%| O|  |TAMS 0x0000000778600000, 0x0000000778800000| Untracked 
| 414|0x0000000778800000, 0x0000000778a00000, 0x0000000778a00000|100%| O|  |TAMS 0x0000000778800000, 0x0000000778a00000| Untracked 
| 415|0x0000000778a00000, 0x0000000778c00000, 0x0000000778c00000|100%| O|  |TAMS 0x0000000778a00000, 0x0000000778c00000| Untracked 
| 416|0x0000000778c00000, 0x0000000778e00000, 0x0000000778e00000|100%| O|  |TAMS 0x0000000778c00000, 0x0000000778e00000| Untracked 
| 417|0x0000000778e00000, 0x0000000779000000, 0x0000000779000000|100%| O|  |TAMS 0x0000000778e00000, 0x0000000779000000| Untracked 
| 418|0x0000000779000000, 0x0000000779200000, 0x0000000779200000|100%| O|  |TAMS 0x0000000779000000, 0x0000000779200000| Untracked 
| 419|0x0000000779200000, 0x0000000779400000, 0x0000000779400000|100%| O|  |TAMS 0x0000000779200000, 0x0000000779400000| Untracked 
| 420|0x0000000779400000, 0x0000000779600000, 0x0000000779600000|100%| O|  |TAMS 0x0000000779400000, 0x0000000779600000| Untracked 
| 421|0x0000000779600000, 0x0000000779800000, 0x0000000779800000|100%| O|  |TAMS 0x0000000779600000, 0x0000000779800000| Untracked 
| 422|0x0000000779800000, 0x0000000779a00000, 0x0000000779a00000|100%| O|  |TAMS 0x0000000779800000, 0x0000000779a00000| Untracked 
| 423|0x0000000779a00000, 0x0000000779c00000, 0x0000000779c00000|100%| O|  |TAMS 0x0000000779a00000, 0x0000000779c00000| Untracked 
| 424|0x0000000779c00000, 0x0000000779e00000, 0x0000000779e00000|100%| O|  |TAMS 0x0000000779c00000, 0x0000000779e00000| Untracked 
| 425|0x0000000779e00000, 0x000000077a000000, 0x000000077a000000|100%| O|  |TAMS 0x0000000779e00000, 0x000000077a000000| Untracked 
| 426|0x000000077a000000, 0x000000077a200000, 0x000000077a200000|100%| O|  |TAMS 0x000000077a000000, 0x000000077a200000| Untracked 
| 427|0x000000077a200000, 0x000000077a400000, 0x000000077a400000|100%| O|  |TAMS 0x000000077a200000, 0x000000077a400000| Untracked 
| 428|0x000000077a400000, 0x000000077a600000, 0x000000077a600000|100%| O|  |TAMS 0x000000077a400000, 0x000000077a600000| Untracked 
| 429|0x000000077a600000, 0x000000077a800000, 0x000000077a800000|100%| O|  |TAMS 0x000000077a600000, 0x000000077a800000| Untracked 
| 430|0x000000077a800000, 0x000000077aa00000, 0x000000077aa00000|100%| O|  |TAMS 0x000000077a800000, 0x000000077aa00000| Untracked 
| 431|0x000000077aa00000, 0x000000077ac00000, 0x000000077ac00000|100%| O|  |TAMS 0x000000077aa00000, 0x000000077ac00000| Untracked 
| 432|0x000000077ac00000, 0x000000077ae00000, 0x000000077ae00000|100%| O|  |TAMS 0x000000077ac00000, 0x000000077ae00000| Untracked 
| 433|0x000000077ae00000, 0x000000077b000000, 0x000000077b000000|100%| O|  |TAMS 0x000000077ae00000, 0x000000077b000000| Untracked 
| 434|0x000000077b000000, 0x000000077b200000, 0x000000077b200000|100%| O|  |TAMS 0x000000077b000000, 0x000000077b200000| Untracked 
| 435|0x000000077b200000, 0x000000077b400000, 0x000000077b400000|100%| O|  |TAMS 0x000000077b200000, 0x000000077b400000| Untracked 
| 436|0x000000077b400000, 0x000000077b600000, 0x000000077b600000|100%| O|  |TAMS 0x000000077b400000, 0x000000077b600000| Untracked 
| 437|0x000000077b600000, 0x000000077b800000, 0x000000077b800000|100%| O|  |TAMS 0x000000077b600000, 0x000000077b800000| Untracked 
| 438|0x000000077b800000, 0x000000077ba00000, 0x000000077ba00000|100%| O|  |TAMS 0x000000077b800000, 0x000000077ba00000| Untracked 
| 439|0x000000077ba00000, 0x000000077bc00000, 0x000000077bc00000|100%| O|  |TAMS 0x000000077ba00000, 0x000000077bc00000| Untracked 
| 440|0x000000077bc00000, 0x000000077be00000, 0x000000077be00000|100%| O|  |TAMS 0x000000077bc00000, 0x000000077be00000| Untracked 
| 441|0x000000077be00000, 0x000000077c000000, 0x000000077c000000|100%| O|  |TAMS 0x000000077be00000, 0x000000077c000000| Untracked 
| 442|0x000000077c000000, 0x000000077c200000, 0x000000077c200000|100%| O|  |TAMS 0x000000077c000000, 0x000000077c200000| Untracked 
| 443|0x000000077c200000, 0x000000077c400000, 0x000000077c400000|100%| O|  |TAMS 0x000000077c200000, 0x000000077c400000| Untracked 
| 444|0x000000077c400000, 0x000000077c600000, 0x000000077c600000|100%| O|  |TAMS 0x000000077c400000, 0x000000077c600000| Untracked 
| 445|0x000000077c600000, 0x000000077c800000, 0x000000077c800000|100%| O|  |TAMS 0x000000077c600000, 0x000000077c800000| Untracked 
| 446|0x000000077c800000, 0x000000077ca00000, 0x000000077ca00000|100%| O|  |TAMS 0x000000077c800000, 0x000000077ca00000| Untracked 
| 447|0x000000077ca00000, 0x000000077cc00000, 0x000000077cc00000|100%| O|  |TAMS 0x000000077ca00000, 0x000000077cc00000| Untracked 
| 448|0x000000077cc00000, 0x000000077ce00000, 0x000000077ce00000|100%| O|  |TAMS 0x000000077cc00000, 0x000000077ce00000| Untracked 
| 449|0x000000077ce00000, 0x000000077d000000, 0x000000077d000000|100%| O|  |TAMS 0x000000077ce00000, 0x000000077d000000| Untracked 
| 450|0x000000077d000000, 0x000000077d200000, 0x000000077d200000|100%| O|  |TAMS 0x000000077d000000, 0x000000077d200000| Untracked 
| 451|0x000000077d200000, 0x000000077d400000, 0x000000077d400000|100%| O|  |TAMS 0x000000077d200000, 0x000000077d400000| Untracked 
| 452|0x000000077d400000, 0x000000077d600000, 0x000000077d600000|100%| O|  |TAMS 0x000000077d400000, 0x000000077d600000| Untracked 
| 453|0x000000077d600000, 0x000000077d800000, 0x000000077d800000|100%| O|  |TAMS 0x000000077d600000, 0x000000077d800000| Untracked 
| 454|0x000000077d800000, 0x000000077da00000, 0x000000077da00000|100%| O|  |TAMS 0x000000077d800000, 0x000000077da00000| Untracked 
| 455|0x000000077da00000, 0x000000077dc00000, 0x000000077dc00000|100%| O|  |TAMS 0x000000077da00000, 0x000000077dc00000| Untracked 
| 456|0x000000077dc00000, 0x000000077de00000, 0x000000077de00000|100%| O|  |TAMS 0x000000077dc00000, 0x000000077de00000| Untracked 
| 457|0x000000077de00000, 0x000000077e000000, 0x000000077e000000|100%| O|  |TAMS 0x000000077de00000, 0x000000077e000000| Untracked 
| 458|0x000000077e000000, 0x000000077e200000, 0x000000077e200000|100%| O|  |TAMS 0x000000077e000000, 0x000000077e200000| Untracked 
| 459|0x000000077e200000, 0x000000077e400000, 0x000000077e400000|100%| O|  |TAMS 0x000000077e200000, 0x000000077e400000| Untracked 
| 460|0x000000077e400000, 0x000000077e600000, 0x000000077e600000|100%| O|  |TAMS 0x000000077e400000, 0x000000077e600000| Untracked 
| 461|0x000000077e600000, 0x000000077e800000, 0x000000077e800000|100%| O|  |TAMS 0x000000077e600000, 0x000000077e800000| Untracked 
| 462|0x000000077e800000, 0x000000077ea00000, 0x000000077ea00000|100%| O|  |TAMS 0x000000077e800000, 0x000000077ea00000| Untracked 
| 463|0x000000077ea00000, 0x000000077ec00000, 0x000000077ec00000|100%| O|  |TAMS 0x000000077ea00000, 0x000000077ec00000| Untracked 
| 464|0x000000077ec00000, 0x000000077ee00000, 0x000000077ee00000|100%| O|  |TAMS 0x000000077ec00000, 0x000000077ee00000| Untracked 
| 465|0x000000077ee00000, 0x000000077f000000, 0x000000077f000000|100%| O|  |TAMS 0x000000077ee00000, 0x000000077f000000| Untracked 
| 466|0x000000077f000000, 0x000000077f200000, 0x000000077f200000|100%| O|  |TAMS 0x000000077f000000, 0x000000077f200000| Untracked 
| 467|0x000000077f200000, 0x000000077f400000, 0x000000077f400000|100%| O|  |TAMS 0x000000077f200000, 0x000000077f400000| Untracked 
| 468|0x000000077f400000, 0x000000077f600000, 0x000000077f600000|100%| O|  |TAMS 0x000000077f400000, 0x000000077f600000| Untracked 
| 469|0x000000077f600000, 0x000000077f800000, 0x000000077f800000|100%| O|  |TAMS 0x000000077f600000, 0x000000077f800000| Untracked 
| 470|0x000000077f800000, 0x000000077fa00000, 0x000000077fa00000|100%| O|  |TAMS 0x000000077f800000, 0x000000077fa00000| Untracked 
| 471|0x000000077fa00000, 0x000000077fc00000, 0x000000077fc00000|100%| O|  |TAMS 0x000000077fa00000, 0x000000077fc00000| Untracked 
| 472|0x000000077fc00000, 0x000000077fe00000, 0x000000077fe00000|100%| O|  |TAMS 0x000000077fc00000, 0x000000077fe00000| Untracked 
| 473|0x000000077fe00000, 0x0000000780000000, 0x0000000780000000|100%| O|  |TAMS 0x000000077fe00000, 0x0000000780000000| Untracked 
| 474|0x0000000780000000, 0x0000000780200000, 0x0000000780200000|100%| O|  |TAMS 0x0000000780000000, 0x0000000780200000| Untracked 
| 475|0x0000000780200000, 0x0000000780400000, 0x0000000780400000|100%| O|  |TAMS 0x0000000780200000, 0x0000000780400000| Untracked 
| 476|0x0000000780400000, 0x0000000780600000, 0x0000000780600000|100%| O|  |TAMS 0x0000000780400000, 0x0000000780600000| Untracked 
| 477|0x0000000780600000, 0x0000000780800000, 0x0000000780800000|100%| O|  |TAMS 0x0000000780600000, 0x0000000780800000| Untracked 
| 478|0x0000000780800000, 0x0000000780a00000, 0x0000000780a00000|100%| O|  |TAMS 0x0000000780800000, 0x0000000780a00000| Untracked 
| 479|0x0000000780a00000, 0x0000000780c00000, 0x0000000780c00000|100%| O|  |TAMS 0x0000000780a00000, 0x0000000780c00000| Untracked 
| 480|0x0000000780c00000, 0x0000000780e00000, 0x0000000780e00000|100%| O|  |TAMS 0x0000000780c00000, 0x0000000780e00000| Untracked 
| 481|0x0000000780e00000, 0x0000000781000000, 0x0000000781000000|100%| O|  |TAMS 0x0000000780e00000, 0x0000000781000000| Untracked 
| 482|0x0000000781000000, 0x0000000781200000, 0x0000000781200000|100%| O|  |TAMS 0x0000000781000000, 0x0000000781200000| Untracked 
| 483|0x0000000781200000, 0x0000000781400000, 0x0000000781400000|100%| O|  |TAMS 0x0000000781200000, 0x0000000781400000| Untracked 
| 484|0x0000000781400000, 0x0000000781600000, 0x0000000781600000|100%| O|  |TAMS 0x0000000781400000, 0x0000000781600000| Untracked 
| 485|0x0000000781600000, 0x0000000781800000, 0x0000000781800000|100%| O|  |TAMS 0x0000000781600000, 0x0000000781800000| Untracked 
| 486|0x0000000781800000, 0x0000000781a00000, 0x0000000781a00000|100%| O|  |TAMS 0x0000000781800000, 0x0000000781a00000| Untracked 
| 487|0x0000000781a00000, 0x0000000781c00000, 0x0000000781c00000|100%| O|  |TAMS 0x0000000781a00000, 0x0000000781c00000| Untracked 
| 488|0x0000000781c00000, 0x0000000781e00000, 0x0000000781e00000|100%| O|  |TAMS 0x0000000781c00000, 0x0000000781e00000| Untracked 
| 489|0x0000000781e00000, 0x0000000782000000, 0x0000000782000000|100%| O|  |TAMS 0x0000000781e00000, 0x0000000782000000| Untracked 
| 490|0x0000000782000000, 0x0000000782200000, 0x0000000782200000|100%| O|  |TAMS 0x0000000782000000, 0x0000000782200000| Untracked 
| 491|0x0000000782200000, 0x0000000782400000, 0x0000000782400000|100%| O|  |TAMS 0x0000000782200000, 0x0000000782400000| Untracked 
| 492|0x0000000782400000, 0x0000000782600000, 0x0000000782600000|100%| O|  |TAMS 0x0000000782400000, 0x0000000782600000| Untracked 
| 493|0x0000000782600000, 0x0000000782800000, 0x0000000782800000|100%| O|  |TAMS 0x0000000782600000, 0x0000000782800000| Untracked 
| 494|0x0000000782800000, 0x0000000782a00000, 0x0000000782a00000|100%| O|  |TAMS 0x0000000782800000, 0x0000000782a00000| Untracked 
| 495|0x0000000782a00000, 0x0000000782c00000, 0x0000000782c00000|100%| O|  |TAMS 0x0000000782a00000, 0x0000000782c00000| Untracked 
| 496|0x0000000782c00000, 0x0000000782e00000, 0x0000000782e00000|100%| O|  |TAMS 0x0000000782c00000, 0x0000000782e00000| Untracked 
| 497|0x0000000782e00000, 0x0000000783000000, 0x0000000783000000|100%| O|  |TAMS 0x0000000782e00000, 0x0000000783000000| Untracked 
| 498|0x0000000783000000, 0x0000000783200000, 0x0000000783200000|100%| O|  |TAMS 0x0000000783000000, 0x0000000783200000| Untracked 
| 499|0x0000000783200000, 0x0000000783400000, 0x0000000783400000|100%| O|  |TAMS 0x0000000783200000, 0x0000000783400000| Untracked 
| 500|0x0000000783400000, 0x0000000783600000, 0x0000000783600000|100%| O|  |TAMS 0x0000000783400000, 0x0000000783600000| Untracked 
| 501|0x0000000783600000, 0x0000000783800000, 0x0000000783800000|100%| O|  |TAMS 0x0000000783600000, 0x0000000783800000| Untracked 
| 502|0x0000000783800000, 0x0000000783a00000, 0x0000000783a00000|100%| O|  |TAMS 0x0000000783800000, 0x0000000783a00000| Untracked 
| 503|0x0000000783a00000, 0x0000000783c00000, 0x0000000783c00000|100%| O|  |TAMS 0x0000000783a00000, 0x0000000783c00000| Untracked 
| 504|0x0000000783c00000, 0x0000000783e00000, 0x0000000783e00000|100%| O|  |TAMS 0x0000000783c00000, 0x0000000783e00000| Untracked 
| 505|0x0000000783e00000, 0x0000000784000000, 0x0000000784000000|100%| O|  |TAMS 0x0000000783e00000, 0x0000000784000000| Untracked 
| 506|0x0000000784000000, 0x0000000784200000, 0x0000000784200000|100%| O|  |TAMS 0x0000000784000000, 0x0000000784200000| Untracked 
| 507|0x0000000784200000, 0x0000000784400000, 0x0000000784400000|100%| O|  |TAMS 0x0000000784200000, 0x0000000784400000| Untracked 
| 508|0x0000000784400000, 0x0000000784600000, 0x0000000784600000|100%| O|  |TAMS 0x0000000784400000, 0x0000000784600000| Untracked 
| 509|0x0000000784600000, 0x0000000784800000, 0x0000000784800000|100%| O|  |TAMS 0x0000000784600000, 0x0000000784800000| Untracked 
| 510|0x0000000784800000, 0x0000000784a00000, 0x0000000784a00000|100%| O|  |TAMS 0x0000000784800000, 0x0000000784a00000| Untracked 
| 511|0x0000000784a00000, 0x0000000784c00000, 0x0000000784c00000|100%| O|  |TAMS 0x0000000784a00000, 0x0000000784c00000| Untracked 
| 512|0x0000000784c00000, 0x0000000784e00000, 0x0000000784e00000|100%| O|  |TAMS 0x0000000784c00000, 0x0000000784e00000| Untracked 
| 513|0x0000000784e00000, 0x0000000785000000, 0x0000000785000000|100%| O|  |TAMS 0x0000000784e00000, 0x0000000785000000| Untracked 
| 514|0x0000000785000000, 0x0000000785200000, 0x0000000785200000|100%| O|  |TAMS 0x0000000785000000, 0x0000000785200000| Untracked 
| 515|0x0000000785200000, 0x0000000785400000, 0x0000000785400000|100%| O|  |TAMS 0x0000000785200000, 0x0000000785400000| Untracked 
| 516|0x0000000785400000, 0x0000000785600000, 0x0000000785600000|100%| O|  |TAMS 0x0000000785400000, 0x0000000785600000| Untracked 
| 517|0x0000000785600000, 0x0000000785800000, 0x0000000785800000|100%| O|  |TAMS 0x0000000785600000, 0x0000000785800000| Untracked 
| 518|0x0000000785800000, 0x0000000785a00000, 0x0000000785a00000|100%| O|  |TAMS 0x0000000785800000, 0x0000000785a00000| Untracked 
| 519|0x0000000785a00000, 0x0000000785c00000, 0x0000000785c00000|100%| O|  |TAMS 0x0000000785a00000, 0x0000000785c00000| Untracked 
| 520|0x0000000785c00000, 0x0000000785e00000, 0x0000000785e00000|100%| O|  |TAMS 0x0000000785c00000, 0x0000000785e00000| Untracked 
| 521|0x0000000785e00000, 0x0000000786000000, 0x0000000786000000|100%| O|  |TAMS 0x0000000785e00000, 0x0000000786000000| Untracked 
| 522|0x0000000786000000, 0x0000000786200000, 0x0000000786200000|100%| O|  |TAMS 0x0000000786000000, 0x0000000786200000| Untracked 
| 523|0x0000000786200000, 0x0000000786400000, 0x0000000786400000|100%| O|  |TAMS 0x0000000786200000, 0x0000000786400000| Untracked 
| 524|0x0000000786400000, 0x0000000786600000, 0x0000000786600000|100%| O|  |TAMS 0x0000000786400000, 0x0000000786600000| Untracked 
| 525|0x0000000786600000, 0x0000000786800000, 0x0000000786800000|100%| O|  |TAMS 0x0000000786600000, 0x0000000786800000| Untracked 
| 526|0x0000000786800000, 0x0000000786a00000, 0x0000000786a00000|100%| O|  |TAMS 0x0000000786800000, 0x0000000786a00000| Untracked 
| 527|0x0000000786a00000, 0x0000000786c00000, 0x0000000786c00000|100%| O|  |TAMS 0x0000000786a00000, 0x0000000786c00000| Untracked 
| 528|0x0000000786c00000, 0x0000000786e00000, 0x0000000786e00000|100%| O|  |TAMS 0x0000000786c00000, 0x0000000786e00000| Untracked 
| 529|0x0000000786e00000, 0x0000000787000000, 0x0000000787000000|100%| O|  |TAMS 0x0000000786e00000, 0x0000000787000000| Untracked 
| 530|0x0000000787000000, 0x0000000787200000, 0x0000000787200000|100%| O|  |TAMS 0x0000000787000000, 0x0000000787200000| Untracked 
| 531|0x0000000787200000, 0x0000000787400000, 0x0000000787400000|100%| O|  |TAMS 0x0000000787200000, 0x0000000787400000| Untracked 
| 532|0x0000000787400000, 0x0000000787600000, 0x0000000787600000|100%| O|  |TAMS 0x0000000787400000, 0x0000000787600000| Untracked 
| 533|0x0000000787600000, 0x0000000787800000, 0x0000000787800000|100%| O|  |TAMS 0x0000000787600000, 0x0000000787800000| Untracked 
| 534|0x0000000787800000, 0x0000000787a00000, 0x0000000787a00000|100%| O|  |TAMS 0x0000000787800000, 0x0000000787a00000| Untracked 
| 535|0x0000000787a00000, 0x0000000787c00000, 0x0000000787c00000|100%| O|  |TAMS 0x0000000787a00000, 0x0000000787c00000| Untracked 
| 536|0x0000000787c00000, 0x0000000787e00000, 0x0000000787e00000|100%| O|  |TAMS 0x0000000787c00000, 0x0000000787e00000| Untracked 
| 537|0x0000000787e00000, 0x0000000788000000, 0x0000000788000000|100%| O|  |TAMS 0x0000000787e00000, 0x0000000788000000| Untracked 
| 538|0x0000000788000000, 0x0000000788200000, 0x0000000788200000|100%| O|  |TAMS 0x0000000788000000, 0x0000000788200000| Untracked 
| 539|0x0000000788200000, 0x0000000788400000, 0x0000000788400000|100%| O|  |TAMS 0x0000000788200000, 0x0000000788400000| Untracked 
| 540|0x0000000788400000, 0x0000000788600000, 0x0000000788600000|100%| O|  |TAMS 0x0000000788400000, 0x0000000788600000| Untracked 
| 541|0x0000000788600000, 0x0000000788800000, 0x0000000788800000|100%| O|  |TAMS 0x0000000788600000, 0x0000000788800000| Untracked 
| 542|0x0000000788800000, 0x0000000788a00000, 0x0000000788a00000|100%| O|  |TAMS 0x0000000788800000, 0x0000000788a00000| Untracked 
| 543|0x0000000788a00000, 0x0000000788c00000, 0x0000000788c00000|100%| O|  |TAMS 0x0000000788a00000, 0x0000000788c00000| Untracked 
| 544|0x0000000788c00000, 0x0000000788e00000, 0x0000000788e00000|100%| O|  |TAMS 0x0000000788c00000, 0x0000000788e00000| Untracked 
| 545|0x0000000788e00000, 0x0000000789000000, 0x0000000789000000|100%| O|  |TAMS 0x0000000788e00000, 0x0000000789000000| Untracked 
| 546|0x0000000789000000, 0x0000000789200000, 0x0000000789200000|100%| O|  |TAMS 0x0000000789000000, 0x0000000789200000| Untracked 
| 547|0x0000000789200000, 0x0000000789400000, 0x0000000789400000|100%| O|  |TAMS 0x0000000789200000, 0x0000000789400000| Untracked 
| 548|0x0000000789400000, 0x0000000789600000, 0x0000000789600000|100%| O|  |TAMS 0x0000000789400000, 0x0000000789600000| Untracked 
| 549|0x0000000789600000, 0x0000000789800000, 0x0000000789800000|100%| O|  |TAMS 0x0000000789600000, 0x0000000789800000| Untracked 
| 550|0x0000000789800000, 0x0000000789a00000, 0x0000000789a00000|100%| O|  |TAMS 0x0000000789800000, 0x0000000789a00000| Untracked 
| 551|0x0000000789a00000, 0x0000000789c00000, 0x0000000789c00000|100%| O|  |TAMS 0x0000000789a00000, 0x0000000789c00000| Untracked 
| 552|0x0000000789c00000, 0x0000000789e00000, 0x0000000789e00000|100%| O|  |TAMS 0x0000000789c00000, 0x0000000789e00000| Untracked 
| 553|0x0000000789e00000, 0x000000078a000000, 0x000000078a000000|100%| O|  |TAMS 0x0000000789e00000, 0x000000078a000000| Untracked 
| 554|0x000000078a000000, 0x000000078a200000, 0x000000078a200000|100%| O|  |TAMS 0x000000078a000000, 0x000000078a200000| Untracked 
| 555|0x000000078a200000, 0x000000078a400000, 0x000000078a400000|100%| O|  |TAMS 0x000000078a200000, 0x000000078a400000| Untracked 
| 556|0x000000078a400000, 0x000000078a600000, 0x000000078a600000|100%| O|  |TAMS 0x000000078a400000, 0x000000078a600000| Untracked 
| 557|0x000000078a600000, 0x000000078a800000, 0x000000078a800000|100%| O|  |TAMS 0x000000078a600000, 0x000000078a800000| Untracked 
| 558|0x000000078a800000, 0x000000078aa00000, 0x000000078aa00000|100%| O|  |TAMS 0x000000078a800000, 0x000000078aa00000| Untracked 
| 559|0x000000078aa00000, 0x000000078ac00000, 0x000000078ac00000|100%| O|  |TAMS 0x000000078aa00000, 0x000000078ac00000| Untracked 
| 560|0x000000078ac00000, 0x000000078ae00000, 0x000000078ae00000|100%| O|  |TAMS 0x000000078ac00000, 0x000000078ae00000| Untracked 
| 561|0x000000078ae00000, 0x000000078b000000, 0x000000078b000000|100%| O|  |TAMS 0x000000078ae00000, 0x000000078b000000| Untracked 
| 562|0x000000078b000000, 0x000000078b200000, 0x000000078b200000|100%| O|  |TAMS 0x000000078b000000, 0x000000078b200000| Untracked 
| 563|0x000000078b200000, 0x000000078b400000, 0x000000078b400000|100%| O|  |TAMS 0x000000078b200000, 0x000000078b400000| Untracked 
| 564|0x000000078b400000, 0x000000078b600000, 0x000000078b600000|100%| O|  |TAMS 0x000000078b400000, 0x000000078b600000| Untracked 
| 565|0x000000078b600000, 0x000000078b800000, 0x000000078b800000|100%| O|  |TAMS 0x000000078b600000, 0x000000078b800000| Untracked 
| 566|0x000000078b800000, 0x000000078ba00000, 0x000000078ba00000|100%| O|  |TAMS 0x000000078b800000, 0x000000078ba00000| Untracked 
| 567|0x000000078ba00000, 0x000000078bc00000, 0x000000078bc00000|100%| O|  |TAMS 0x000000078ba00000, 0x000000078bc00000| Untracked 
| 568|0x000000078bc00000, 0x000000078be00000, 0x000000078be00000|100%| O|  |TAMS 0x000000078bc00000, 0x000000078be00000| Untracked 
| 569|0x000000078be00000, 0x000000078c000000, 0x000000078c000000|100%| O|  |TAMS 0x000000078be00000, 0x000000078c000000| Untracked 
| 570|0x000000078c000000, 0x000000078c200000, 0x000000078c200000|100%| O|  |TAMS 0x000000078c000000, 0x000000078c200000| Untracked 
| 571|0x000000078c200000, 0x000000078c400000, 0x000000078c400000|100%| O|  |TAMS 0x000000078c200000, 0x000000078c400000| Untracked 
| 572|0x000000078c400000, 0x000000078c600000, 0x000000078c600000|100%| O|  |TAMS 0x000000078c400000, 0x000000078c600000| Untracked 
| 573|0x000000078c600000, 0x000000078c800000, 0x000000078c800000|100%| O|  |TAMS 0x000000078c600000, 0x000000078c800000| Untracked 
| 574|0x000000078c800000, 0x000000078ca00000, 0x000000078ca00000|100%| O|  |TAMS 0x000000078c800000, 0x000000078ca00000| Untracked 
| 575|0x000000078ca00000, 0x000000078cc00000, 0x000000078cc00000|100%| O|  |TAMS 0x000000078ca00000, 0x000000078cc00000| Untracked 
| 576|0x000000078cc00000, 0x000000078ce00000, 0x000000078ce00000|100%| O|  |TAMS 0x000000078cc00000, 0x000000078ce00000| Untracked 
| 577|0x000000078ce00000, 0x000000078d000000, 0x000000078d000000|100%| O|  |TAMS 0x000000078ce00000, 0x000000078d000000| Untracked 
| 578|0x000000078d000000, 0x000000078d200000, 0x000000078d200000|100%| O|  |TAMS 0x000000078d000000, 0x000000078d200000| Untracked 
| 579|0x000000078d200000, 0x000000078d400000, 0x000000078d400000|100%| O|  |TAMS 0x000000078d200000, 0x000000078d400000| Untracked 
| 580|0x000000078d400000, 0x000000078d600000, 0x000000078d600000|100%| O|  |TAMS 0x000000078d400000, 0x000000078d600000| Untracked 
| 581|0x000000078d600000, 0x000000078d800000, 0x000000078d800000|100%| O|  |TAMS 0x000000078d600000, 0x000000078d800000| Untracked 
| 582|0x000000078d800000, 0x000000078da00000, 0x000000078da00000|100%| O|  |TAMS 0x000000078d800000, 0x000000078da00000| Untracked 
| 583|0x000000078da00000, 0x000000078dc00000, 0x000000078dc00000|100%| O|  |TAMS 0x000000078da00000, 0x000000078dc00000| Untracked 
| 584|0x000000078dc00000, 0x000000078de00000, 0x000000078de00000|100%| O|  |TAMS 0x000000078dc00000, 0x000000078de00000| Untracked 
| 585|0x000000078de00000, 0x000000078e000000, 0x000000078e000000|100%| O|  |TAMS 0x000000078de00000, 0x000000078e000000| Untracked 
| 586|0x000000078e000000, 0x000000078e200000, 0x000000078e200000|100%| O|  |TAMS 0x000000078e000000, 0x000000078e200000| Untracked 
| 587|0x000000078e200000, 0x000000078e400000, 0x000000078e400000|100%| O|  |TAMS 0x000000078e200000, 0x000000078e400000| Untracked 
| 588|0x000000078e400000, 0x000000078e600000, 0x000000078e600000|100%| O|  |TAMS 0x000000078e400000, 0x000000078e600000| Untracked 
| 589|0x000000078e600000, 0x000000078e800000, 0x000000078e800000|100%| O|  |TAMS 0x000000078e600000, 0x000000078e800000| Untracked 
| 590|0x000000078e800000, 0x000000078e88d800, 0x000000078ea00000| 27%| O|  |TAMS 0x000000078e800000, 0x000000078e88d800| Untracked 
| 591|0x000000078ea00000, 0x000000078ea00000, 0x000000078ec00000|  0%| F|  |TAMS 0x000000078ea00000, 0x000000078ea00000| Untracked 
| 592|0x000000078ec00000, 0x000000078ec00000, 0x000000078ee00000|  0%| F|  |TAMS 0x000000078ec00000, 0x000000078ec00000| Untracked 
| 593|0x000000078ee00000, 0x000000078ee00000, 0x000000078f000000|  0%| F|  |TAMS 0x000000078ee00000, 0x000000078ee00000| Untracked 
| 594|0x000000078f000000, 0x000000078f000000, 0x000000078f200000|  0%| F|  |TAMS 0x000000078f000000, 0x000000078f000000| Untracked 
| 595|0x000000078f200000, 0x000000078f200000, 0x000000078f400000|  0%| F|  |TAMS 0x000000078f200000, 0x000000078f200000| Untracked 
| 596|0x000000078f400000, 0x000000078f400000, 0x000000078f600000|  0%| F|  |TAMS 0x000000078f400000, 0x000000078f400000| Untracked 
| 597|0x000000078f600000, 0x000000078f600000, 0x000000078f800000|  0%| F|  |TAMS 0x000000078f600000, 0x000000078f600000| Untracked 
| 598|0x000000078f800000, 0x000000078f800000, 0x000000078fa00000|  0%| F|  |TAMS 0x000000078f800000, 0x000000078f800000| Untracked 
| 599|0x000000078fa00000, 0x000000078fa00000, 0x000000078fc00000|  0%| F|  |TAMS 0x000000078fa00000, 0x000000078fa00000| Untracked 
| 600|0x000000078fc00000, 0x000000078fc00000, 0x000000078fe00000|  0%| F|  |TAMS 0x000000078fc00000, 0x000000078fc00000| Untracked 
| 601|0x000000078fe00000, 0x000000078fe00000, 0x0000000790000000|  0%| F|  |TAMS 0x000000078fe00000, 0x000000078fe00000| Untracked 
| 602|0x0000000790000000, 0x0000000790000000, 0x0000000790200000|  0%| F|  |TAMS 0x0000000790000000, 0x0000000790000000| Untracked 
| 603|0x0000000790200000, 0x0000000790200000, 0x0000000790400000|  0%| F|  |TAMS 0x0000000790200000, 0x0000000790200000| Untracked 
| 604|0x0000000790400000, 0x0000000790400000, 0x0000000790600000|  0%| F|  |TAMS 0x0000000790400000, 0x0000000790400000| Untracked 
| 605|0x0000000790600000, 0x0000000790600000, 0x0000000790800000|  0%| F|  |TAMS 0x0000000790600000, 0x0000000790600000| Untracked 
| 606|0x0000000790800000, 0x0000000790800000, 0x0000000790a00000|  0%| F|  |TAMS 0x0000000790800000, 0x0000000790800000| Untracked 
| 607|0x0000000790a00000, 0x0000000790a00000, 0x0000000790c00000|  0%| F|  |TAMS 0x0000000790a00000, 0x0000000790a00000| Untracked 
| 608|0x0000000790c00000, 0x0000000790c00000, 0x0000000790e00000|  0%| F|  |TAMS 0x0000000790c00000, 0x0000000790c00000| Untracked 
| 609|0x0000000790e00000, 0x0000000790e00000, 0x0000000791000000|  0%| F|  |TAMS 0x0000000790e00000, 0x0000000790e00000| Untracked 
| 610|0x0000000791000000, 0x0000000791000000, 0x0000000791200000|  0%| F|  |TAMS 0x0000000791000000, 0x0000000791000000| Untracked 
| 611|0x0000000791200000, 0x0000000791200000, 0x0000000791400000|  0%| F|  |TAMS 0x0000000791200000, 0x0000000791200000| Untracked 
| 612|0x0000000791400000, 0x0000000791400000, 0x0000000791600000|  0%| F|  |TAMS 0x0000000791400000, 0x0000000791400000| Untracked 
| 613|0x0000000791600000, 0x0000000791600000, 0x0000000791800000|  0%| F|  |TAMS 0x0000000791600000, 0x0000000791600000| Untracked 
| 614|0x0000000791800000, 0x0000000791800000, 0x0000000791a00000|  0%| F|  |TAMS 0x0000000791800000, 0x0000000791800000| Untracked 
| 615|0x0000000791a00000, 0x0000000791a00000, 0x0000000791c00000|  0%| F|  |TAMS 0x0000000791a00000, 0x0000000791a00000| Untracked 
| 616|0x0000000791c00000, 0x0000000791c00000, 0x0000000791e00000|  0%| F|  |TAMS 0x0000000791c00000, 0x0000000791c00000| Untracked 
| 617|0x0000000791e00000, 0x0000000791e00000, 0x0000000792000000|  0%| F|  |TAMS 0x0000000791e00000, 0x0000000791e00000| Untracked 
| 618|0x0000000792000000, 0x0000000792000000, 0x0000000792200000|  0%| F|  |TAMS 0x0000000792000000, 0x0000000792000000| Untracked 
| 619|0x0000000792200000, 0x0000000792200000, 0x0000000792400000|  0%| F|  |TAMS 0x0000000792200000, 0x0000000792200000| Untracked 
| 620|0x0000000792400000, 0x0000000792400000, 0x0000000792600000|  0%| F|  |TAMS 0x0000000792400000, 0x0000000792400000| Untracked 
| 621|0x0000000792600000, 0x0000000792600000, 0x0000000792800000|  0%| F|  |TAMS 0x0000000792600000, 0x0000000792600000| Untracked 
| 622|0x0000000792800000, 0x0000000792800000, 0x0000000792a00000|  0%| F|  |TAMS 0x0000000792800000, 0x0000000792800000| Untracked 
| 623|0x0000000792a00000, 0x0000000792a00000, 0x0000000792c00000|  0%| F|  |TAMS 0x0000000792a00000, 0x0000000792a00000| Untracked 
| 624|0x0000000792c00000, 0x0000000792c00000, 0x0000000792e00000|  0%| F|  |TAMS 0x0000000792c00000, 0x0000000792c00000| Untracked 
| 625|0x0000000792e00000, 0x0000000792e00000, 0x0000000793000000|  0%| F|  |TAMS 0x0000000792e00000, 0x0000000792e00000| Untracked 
| 626|0x0000000793000000, 0x0000000793000000, 0x0000000793200000|  0%| F|  |TAMS 0x0000000793000000, 0x0000000793000000| Untracked 
| 627|0x0000000793200000, 0x0000000793200000, 0x0000000793400000|  0%| F|  |TAMS 0x0000000793200000, 0x0000000793200000| Untracked 
| 628|0x0000000793400000, 0x0000000793400000, 0x0000000793600000|  0%| F|  |TAMS 0x0000000793400000, 0x0000000793400000| Untracked 
| 629|0x0000000793600000, 0x0000000793600000, 0x0000000793800000|  0%| F|  |TAMS 0x0000000793600000, 0x0000000793600000| Untracked 
| 630|0x0000000793800000, 0x0000000793800000, 0x0000000793a00000|  0%| F|  |TAMS 0x0000000793800000, 0x0000000793800000| Untracked 
| 631|0x0000000793a00000, 0x0000000793a00000, 0x0000000793c00000|  0%| F|  |TAMS 0x0000000793a00000, 0x0000000793a00000| Untracked 
| 632|0x0000000793c00000, 0x0000000793c00000, 0x0000000793e00000|  0%| F|  |TAMS 0x0000000793c00000, 0x0000000793c00000| Untracked 
| 633|0x0000000793e00000, 0x0000000793e00000, 0x0000000794000000|  0%| F|  |TAMS 0x0000000793e00000, 0x0000000793e00000| Untracked 
| 634|0x0000000794000000, 0x0000000794000000, 0x0000000794200000|  0%| F|  |TAMS 0x0000000794000000, 0x0000000794000000| Untracked 
| 635|0x0000000794200000, 0x0000000794200000, 0x0000000794400000|  0%| F|  |TAMS 0x0000000794200000, 0x0000000794200000| Untracked 
| 636|0x0000000794400000, 0x0000000794400000, 0x0000000794600000|  0%| F|  |TAMS 0x0000000794400000, 0x0000000794400000| Untracked 
| 637|0x0000000794600000, 0x0000000794600000, 0x0000000794800000|  0%| F|  |TAMS 0x0000000794600000, 0x0000000794600000| Untracked 
| 638|0x0000000794800000, 0x0000000794800000, 0x0000000794a00000|  0%| F|  |TAMS 0x0000000794800000, 0x0000000794800000| Untracked 
| 639|0x0000000794a00000, 0x0000000794a00000, 0x0000000794c00000|  0%| F|  |TAMS 0x0000000794a00000, 0x0000000794a00000| Untracked 
| 640|0x0000000794c00000, 0x0000000794c00000, 0x0000000794e00000|  0%| F|  |TAMS 0x0000000794c00000, 0x0000000794c00000| Untracked 
| 641|0x0000000794e00000, 0x0000000794e00000, 0x0000000795000000|  0%| F|  |TAMS 0x0000000794e00000, 0x0000000794e00000| Untracked 
| 642|0x0000000795000000, 0x0000000795000000, 0x0000000795200000|  0%| F|  |TAMS 0x0000000795000000, 0x0000000795000000| Untracked 
| 643|0x0000000795200000, 0x0000000795200000, 0x0000000795400000|  0%| F|  |TAMS 0x0000000795200000, 0x0000000795200000| Untracked 
| 644|0x0000000795400000, 0x0000000795400000, 0x0000000795600000|  0%| F|  |TAMS 0x0000000795400000, 0x0000000795400000| Untracked 
| 645|0x0000000795600000, 0x0000000795600000, 0x0000000795800000|  0%| F|  |TAMS 0x0000000795600000, 0x0000000795600000| Untracked 
| 646|0x0000000795800000, 0x0000000795800000, 0x0000000795a00000|  0%| F|  |TAMS 0x0000000795800000, 0x0000000795800000| Untracked 
| 647|0x0000000795a00000, 0x0000000795a00000, 0x0000000795c00000|  0%| F|  |TAMS 0x0000000795a00000, 0x0000000795a00000| Untracked 
| 648|0x0000000795c00000, 0x0000000795c00000, 0x0000000795e00000|  0%| F|  |TAMS 0x0000000795c00000, 0x0000000795c00000| Untracked 
| 649|0x0000000795e00000, 0x0000000795e00000, 0x0000000796000000|  0%| F|  |TAMS 0x0000000795e00000, 0x0000000795e00000| Untracked 
| 650|0x0000000796000000, 0x0000000796000000, 0x0000000796200000|  0%| F|  |TAMS 0x0000000796000000, 0x0000000796000000| Untracked 
| 651|0x0000000796200000, 0x0000000796200000, 0x0000000796400000|  0%| F|  |TAMS 0x0000000796200000, 0x0000000796200000| Untracked 
| 652|0x0000000796400000, 0x0000000796400000, 0x0000000796600000|  0%| F|  |TAMS 0x0000000796400000, 0x0000000796400000| Untracked 
| 653|0x0000000796600000, 0x0000000796600000, 0x0000000796800000|  0%| F|  |TAMS 0x0000000796600000, 0x0000000796600000| Untracked 
| 654|0x0000000796800000, 0x0000000796800000, 0x0000000796a00000|  0%| F|  |TAMS 0x0000000796800000, 0x0000000796800000| Untracked 
| 655|0x0000000796a00000, 0x0000000796a00000, 0x0000000796c00000|  0%| F|  |TAMS 0x0000000796a00000, 0x0000000796a00000| Untracked 
| 656|0x0000000796c00000, 0x0000000796c00000, 0x0000000796e00000|  0%| F|  |TAMS 0x0000000796c00000, 0x0000000796c00000| Untracked 
| 657|0x0000000796e00000, 0x0000000796e00000, 0x0000000797000000|  0%| F|  |TAMS 0x0000000796e00000, 0x0000000796e00000| Untracked 
| 658|0x0000000797000000, 0x0000000797000000, 0x0000000797200000|  0%| F|  |TAMS 0x0000000797000000, 0x0000000797000000| Untracked 
| 659|0x0000000797200000, 0x0000000797200000, 0x0000000797400000|  0%| F|  |TAMS 0x0000000797200000, 0x0000000797200000| Untracked 
| 660|0x0000000797400000, 0x0000000797400000, 0x0000000797600000|  0%| F|  |TAMS 0x0000000797400000, 0x0000000797400000| Untracked 
| 661|0x0000000797600000, 0x0000000797600000, 0x0000000797800000|  0%| F|  |TAMS 0x0000000797600000, 0x0000000797600000| Untracked 
| 662|0x0000000797800000, 0x0000000797800000, 0x0000000797a00000|  0%| F|  |TAMS 0x0000000797800000, 0x0000000797800000| Untracked 
| 663|0x0000000797a00000, 0x0000000797a00000, 0x0000000797c00000|  0%| F|  |TAMS 0x0000000797a00000, 0x0000000797a00000| Untracked 
| 664|0x0000000797c00000, 0x0000000797c00000, 0x0000000797e00000|  0%| F|  |TAMS 0x0000000797c00000, 0x0000000797c00000| Untracked 
| 665|0x0000000797e00000, 0x0000000797e00000, 0x0000000798000000|  0%| F|  |TAMS 0x0000000797e00000, 0x0000000797e00000| Untracked 
| 666|0x0000000798000000, 0x0000000798000000, 0x0000000798200000|  0%| F|  |TAMS 0x0000000798000000, 0x0000000798000000| Untracked 
| 667|0x0000000798200000, 0x0000000798200000, 0x0000000798400000|  0%| F|  |TAMS 0x0000000798200000, 0x0000000798200000| Untracked 
| 668|0x0000000798400000, 0x0000000798400000, 0x0000000798600000|  0%| F|  |TAMS 0x0000000798400000, 0x0000000798400000| Untracked 
| 669|0x0000000798600000, 0x0000000798600000, 0x0000000798800000|  0%| F|  |TAMS 0x0000000798600000, 0x0000000798600000| Untracked 
| 670|0x0000000798800000, 0x0000000798800000, 0x0000000798a00000|  0%| F|  |TAMS 0x0000000798800000, 0x0000000798800000| Untracked 
| 671|0x0000000798a00000, 0x0000000798a00000, 0x0000000798c00000|  0%| F|  |TAMS 0x0000000798a00000, 0x0000000798a00000| Untracked 
| 672|0x0000000798c00000, 0x0000000798c00000, 0x0000000798e00000|  0%| F|  |TAMS 0x0000000798c00000, 0x0000000798c00000| Untracked 
| 673|0x0000000798e00000, 0x0000000798e00000, 0x0000000799000000|  0%| F|  |TAMS 0x0000000798e00000, 0x0000000798e00000| Untracked 
| 674|0x0000000799000000, 0x0000000799000000, 0x0000000799200000|  0%| F|  |TAMS 0x0000000799000000, 0x0000000799000000| Untracked 
| 675|0x0000000799200000, 0x0000000799200000, 0x0000000799400000|  0%| F|  |TAMS 0x0000000799200000, 0x0000000799200000| Untracked 
| 676|0x0000000799400000, 0x0000000799400000, 0x0000000799600000|  0%| F|  |TAMS 0x0000000799400000, 0x0000000799400000| Untracked 
| 677|0x0000000799600000, 0x0000000799600000, 0x0000000799800000|  0%| F|  |TAMS 0x0000000799600000, 0x0000000799600000| Untracked 
| 678|0x0000000799800000, 0x0000000799800000, 0x0000000799a00000|  0%| F|  |TAMS 0x0000000799800000, 0x0000000799800000| Untracked 
| 679|0x0000000799a00000, 0x0000000799a00000, 0x0000000799c00000|  0%| F|  |TAMS 0x0000000799a00000, 0x0000000799a00000| Untracked 
| 680|0x0000000799c00000, 0x0000000799c00000, 0x0000000799e00000|  0%| F|  |TAMS 0x0000000799c00000, 0x0000000799c00000| Untracked 
| 681|0x0000000799e00000, 0x0000000799e00000, 0x000000079a000000|  0%| F|  |TAMS 0x0000000799e00000, 0x0000000799e00000| Untracked 
| 682|0x000000079a000000, 0x000000079a000000, 0x000000079a200000|  0%| F|  |TAMS 0x000000079a000000, 0x000000079a000000| Untracked 
| 683|0x000000079a200000, 0x000000079a200000, 0x000000079a400000|  0%| F|  |TAMS 0x000000079a200000, 0x000000079a200000| Untracked 
| 684|0x000000079a400000, 0x000000079a400000, 0x000000079a600000|  0%| F|  |TAMS 0x000000079a400000, 0x000000079a400000| Untracked 
| 685|0x000000079a600000, 0x000000079a600000, 0x000000079a800000|  0%| F|  |TAMS 0x000000079a600000, 0x000000079a600000| Untracked 
| 686|0x000000079a800000, 0x000000079a800000, 0x000000079aa00000|  0%| F|  |TAMS 0x000000079a800000, 0x000000079a800000| Untracked 
| 687|0x000000079aa00000, 0x000000079aa00000, 0x000000079ac00000|  0%| F|  |TAMS 0x000000079aa00000, 0x000000079aa00000| Untracked 
| 688|0x000000079ac00000, 0x000000079ac00000, 0x000000079ae00000|  0%| F|  |TAMS 0x000000079ac00000, 0x000000079ac00000| Untracked 
| 689|0x000000079ae00000, 0x000000079ae00000, 0x000000079b000000|  0%| F|  |TAMS 0x000000079ae00000, 0x000000079ae00000| Untracked 
| 690|0x000000079b000000, 0x000000079b000000, 0x000000079b200000|  0%| F|  |TAMS 0x000000079b000000, 0x000000079b000000| Untracked 
| 691|0x000000079b200000, 0x000000079b200000, 0x000000079b400000|  0%| F|  |TAMS 0x000000079b200000, 0x000000079b200000| Untracked 
| 692|0x000000079b400000, 0x000000079b400000, 0x000000079b600000|  0%| F|  |TAMS 0x000000079b400000, 0x000000079b400000| Untracked 
| 693|0x000000079b600000, 0x000000079b600000, 0x000000079b800000|  0%| F|  |TAMS 0x000000079b600000, 0x000000079b600000| Untracked 
| 694|0x000000079b800000, 0x000000079b800000, 0x000000079ba00000|  0%| F|  |TAMS 0x000000079b800000, 0x000000079b800000| Untracked 
| 695|0x000000079ba00000, 0x000000079ba00000, 0x000000079bc00000|  0%| F|  |TAMS 0x000000079ba00000, 0x000000079ba00000| Untracked 
| 696|0x000000079bc00000, 0x000000079bc00000, 0x000000079be00000|  0%| F|  |TAMS 0x000000079bc00000, 0x000000079bc00000| Untracked 
| 697|0x000000079be00000, 0x000000079be00000, 0x000000079c000000|  0%| F|  |TAMS 0x000000079be00000, 0x000000079be00000| Untracked 
| 698|0x000000079c000000, 0x000000079c000000, 0x000000079c200000|  0%| F|  |TAMS 0x000000079c000000, 0x000000079c000000| Untracked 
| 699|0x000000079c200000, 0x000000079c200000, 0x000000079c400000|  0%| F|  |TAMS 0x000000079c200000, 0x000000079c200000| Untracked 
| 700|0x000000079c400000, 0x000000079c400000, 0x000000079c600000|  0%| F|  |TAMS 0x000000079c400000, 0x000000079c400000| Untracked 
| 701|0x000000079c600000, 0x000000079c600000, 0x000000079c800000|  0%| F|  |TAMS 0x000000079c600000, 0x000000079c600000| Untracked 
| 702|0x000000079c800000, 0x000000079c800000, 0x000000079ca00000|  0%| F|  |TAMS 0x000000079c800000, 0x000000079c800000| Untracked 
| 703|0x000000079ca00000, 0x000000079ca00000, 0x000000079cc00000|  0%| F|  |TAMS 0x000000079ca00000, 0x000000079ca00000| Untracked 
| 704|0x000000079cc00000, 0x000000079cc00000, 0x000000079ce00000|  0%| F|  |TAMS 0x000000079cc00000, 0x000000079cc00000| Untracked 
| 705|0x000000079ce00000, 0x000000079ce00000, 0x000000079d000000|  0%| F|  |TAMS 0x000000079ce00000, 0x000000079ce00000| Untracked 
| 706|0x000000079d000000, 0x000000079d000000, 0x000000079d200000|  0%| F|  |TAMS 0x000000079d000000, 0x000000079d000000| Untracked 
| 707|0x000000079d200000, 0x000000079d200000, 0x000000079d400000|  0%| F|  |TAMS 0x000000079d200000, 0x000000079d200000| Untracked 
| 708|0x000000079d400000, 0x000000079d400000, 0x000000079d600000|  0%| F|  |TAMS 0x000000079d400000, 0x000000079d400000| Untracked 
| 709|0x000000079d600000, 0x000000079d600000, 0x000000079d800000|  0%| F|  |TAMS 0x000000079d600000, 0x000000079d600000| Untracked 
| 710|0x000000079d800000, 0x000000079d800000, 0x000000079da00000|  0%| F|  |TAMS 0x000000079d800000, 0x000000079d800000| Untracked 
| 711|0x000000079da00000, 0x000000079da00000, 0x000000079dc00000|  0%| F|  |TAMS 0x000000079da00000, 0x000000079da00000| Untracked 
| 712|0x000000079dc00000, 0x000000079dc00000, 0x000000079de00000|  0%| F|  |TAMS 0x000000079dc00000, 0x000000079dc00000| Untracked 
| 713|0x000000079de00000, 0x000000079de00000, 0x000000079e000000|  0%| F|  |TAMS 0x000000079de00000, 0x000000079de00000| Untracked 
| 714|0x000000079e000000, 0x000000079e000000, 0x000000079e200000|  0%| F|  |TAMS 0x000000079e000000, 0x000000079e000000| Untracked 
| 715|0x000000079e200000, 0x000000079e200000, 0x000000079e400000|  0%| F|  |TAMS 0x000000079e200000, 0x000000079e200000| Untracked 
| 716|0x000000079e400000, 0x000000079e400000, 0x000000079e600000|  0%| F|  |TAMS 0x000000079e400000, 0x000000079e400000| Untracked 
| 717|0x000000079e600000, 0x000000079e600000, 0x000000079e800000|  0%| F|  |TAMS 0x000000079e600000, 0x000000079e600000| Untracked 
| 718|0x000000079e800000, 0x000000079e800000, 0x000000079ea00000|  0%| F|  |TAMS 0x000000079e800000, 0x000000079e800000| Untracked 
| 719|0x000000079ea00000, 0x000000079ea00000, 0x000000079ec00000|  0%| F|  |TAMS 0x000000079ea00000, 0x000000079ea00000| Untracked 
| 720|0x000000079ec00000, 0x000000079ec00000, 0x000000079ee00000|  0%| F|  |TAMS 0x000000079ec00000, 0x000000079ec00000| Untracked 
| 721|0x000000079ee00000, 0x000000079ee00000, 0x000000079f000000|  0%| F|  |TAMS 0x000000079ee00000, 0x000000079ee00000| Untracked 
| 722|0x000000079f000000, 0x000000079f200000, 0x000000079f200000|100%|HS|  |TAMS 0x000000079f000000, 0x000000079f200000| Complete 
| 723|0x000000079f200000, 0x000000079f400000, 0x000000079f400000|100%|HC|  |TAMS 0x000000079f200000, 0x000000079f400000| Complete 
| 724|0x000000079f400000, 0x000000079f600000, 0x000000079f600000|100%|HC|  |TAMS 0x000000079f400000, 0x000000079f600000| Complete 
| 725|0x000000079f600000, 0x000000079f800000, 0x000000079f800000|100%|HC|  |TAMS 0x000000079f600000, 0x000000079f800000| Complete 
| 726|0x000000079f800000, 0x000000079fa00000, 0x000000079fa00000|100%|HC|  |TAMS 0x000000079f800000, 0x000000079fa00000| Complete 
| 727|0x000000079fa00000, 0x000000079fc00000, 0x000000079fc00000|100%|HC|  |TAMS 0x000000079fa00000, 0x000000079fc00000| Complete 
| 728|0x000000079fc00000, 0x000000079fe00000, 0x000000079fe00000|100%|HC|  |TAMS 0x000000079fc00000, 0x000000079fe00000| Complete 
| 729|0x000000079fe00000, 0x00000007a0000000, 0x00000007a0000000|100%|HC|  |TAMS 0x000000079fe00000, 0x00000007a0000000| Complete 
| 730|0x00000007a0000000, 0x00000007a0200000, 0x00000007a0200000|100%|HC|  |TAMS 0x00000007a0000000, 0x00000007a0200000| Complete 
| 731|0x00000007a0200000, 0x00000007a0400000, 0x00000007a0400000|100%|HC|  |TAMS 0x00000007a0200000, 0x00000007a0400000| Complete 
| 732|0x00000007a0400000, 0x00000007a0600000, 0x00000007a0600000|100%|HC|  |TAMS 0x00000007a0400000, 0x00000007a0600000| Complete 
| 733|0x00000007a0600000, 0x00000007a0800000, 0x00000007a0800000|100%|HC|  |TAMS 0x00000007a0600000, 0x00000007a0800000| Complete 
| 734|0x00000007a0800000, 0x00000007a0a00000, 0x00000007a0a00000|100%|HC|  |TAMS 0x00000007a0800000, 0x00000007a0a00000| Complete 
| 735|0x00000007a0a00000, 0x00000007a0c00000, 0x00000007a0c00000|100%|HC|  |TAMS 0x00000007a0a00000, 0x00000007a0c00000| Complete 
| 736|0x00000007a0c00000, 0x00000007a0e00000, 0x00000007a0e00000|100%|HC|  |TAMS 0x00000007a0c00000, 0x00000007a0e00000| Complete 
| 737|0x00000007a0e00000, 0x00000007a1000000, 0x00000007a1000000|100%|HC|  |TAMS 0x00000007a0e00000, 0x00000007a1000000| Complete 
| 738|0x00000007a1000000, 0x00000007a1200000, 0x00000007a1200000|100%|HC|  |TAMS 0x00000007a1000000, 0x00000007a1200000| Complete 
| 739|0x00000007a1200000, 0x00000007a1400000, 0x00000007a1400000|100%|HC|  |TAMS 0x00000007a1200000, 0x00000007a1400000| Complete 
| 740|0x00000007a1400000, 0x00000007a1600000, 0x00000007a1600000|100%|HC|  |TAMS 0x00000007a1400000, 0x00000007a1600000| Complete 
| 741|0x00000007a1600000, 0x00000007a1800000, 0x00000007a1800000|100%|HC|  |TAMS 0x00000007a1600000, 0x00000007a1800000| Complete 
| 742|0x00000007a1800000, 0x00000007a1a00000, 0x00000007a1a00000|100%|HC|  |TAMS 0x00000007a1800000, 0x00000007a1a00000| Complete 
| 743|0x00000007a1a00000, 0x00000007a1c00000, 0x00000007a1c00000|100%|HC|  |TAMS 0x00000007a1a00000, 0x00000007a1c00000| Complete 
| 744|0x00000007a1c00000, 0x00000007a1e00000, 0x00000007a1e00000|100%|HC|  |TAMS 0x00000007a1c00000, 0x00000007a1e00000| Complete 
| 745|0x00000007a1e00000, 0x00000007a2000000, 0x00000007a2000000|100%|HC|  |TAMS 0x00000007a1e00000, 0x00000007a2000000| Complete 
| 746|0x00000007a2000000, 0x00000007a2200000, 0x00000007a2200000|100%|HC|  |TAMS 0x00000007a2000000, 0x00000007a2200000| Complete 
| 747|0x00000007a2200000, 0x00000007a2400000, 0x00000007a2400000|100%|HC|  |TAMS 0x00000007a2200000, 0x00000007a2400000| Complete 
| 748|0x00000007a2400000, 0x00000007a2600000, 0x00000007a2600000|100%|HC|  |TAMS 0x00000007a2400000, 0x00000007a2600000| Complete 
| 749|0x00000007a2600000, 0x00000007a2800000, 0x00000007a2800000|100%|HC|  |TAMS 0x00000007a2600000, 0x00000007a2800000| Complete 
| 750|0x00000007a2800000, 0x00000007a2a00000, 0x00000007a2a00000|100%|HC|  |TAMS 0x00000007a2800000, 0x00000007a2a00000| Complete 
| 751|0x00000007a2a00000, 0x00000007a2c00000, 0x00000007a2c00000|100%|HC|  |TAMS 0x00000007a2a00000, 0x00000007a2c00000| Complete 
| 752|0x00000007a2c00000, 0x00000007a2e00000, 0x00000007a2e00000|100%|HC|  |TAMS 0x00000007a2c00000, 0x00000007a2e00000| Complete 
| 753|0x00000007a2e00000, 0x00000007a3000000, 0x00000007a3000000|100%|HC|  |TAMS 0x00000007a2e00000, 0x00000007a3000000| Complete 
| 754|0x00000007a3000000, 0x00000007a3200000, 0x00000007a3200000|100%|HC|  |TAMS 0x00000007a3000000, 0x00000007a3200000| Complete 
| 755|0x00000007a3200000, 0x00000007a3400000, 0x00000007a3400000|100%|HC|  |TAMS 0x00000007a3200000, 0x00000007a3400000| Complete 
| 756|0x00000007a3400000, 0x00000007a3600000, 0x00000007a3600000|100%|HC|  |TAMS 0x00000007a3400000, 0x00000007a3600000| Complete 
| 757|0x00000007a3600000, 0x00000007a3800000, 0x00000007a3800000|100%|HC|  |TAMS 0x00000007a3600000, 0x00000007a3800000| Complete 
| 758|0x00000007a3800000, 0x00000007a3a00000, 0x00000007a3a00000|100%|HC|  |TAMS 0x00000007a3800000, 0x00000007a3a00000| Complete 
| 759|0x00000007a3a00000, 0x00000007a3c00000, 0x00000007a3c00000|100%|HC|  |TAMS 0x00000007a3a00000, 0x00000007a3c00000| Complete 
| 760|0x00000007a3c00000, 0x00000007a3e00000, 0x00000007a3e00000|100%|HC|  |TAMS 0x00000007a3c00000, 0x00000007a3e00000| Complete 
| 761|0x00000007a3e00000, 0x00000007a4000000, 0x00000007a4000000|100%|HC|  |TAMS 0x00000007a3e00000, 0x00000007a4000000| Complete 
| 762|0x00000007a4000000, 0x00000007a4200000, 0x00000007a4200000|100%|HC|  |TAMS 0x00000007a4000000, 0x00000007a4200000| Complete 
| 763|0x00000007a4200000, 0x00000007a4400000, 0x00000007a4400000|100%|HC|  |TAMS 0x00000007a4200000, 0x00000007a4400000| Complete 
| 764|0x00000007a4400000, 0x00000007a4600000, 0x00000007a4600000|100%|HC|  |TAMS 0x00000007a4400000, 0x00000007a4600000| Complete 
| 765|0x00000007a4600000, 0x00000007a4800000, 0x00000007a4800000|100%|HC|  |TAMS 0x00000007a4600000, 0x00000007a4800000| Complete 
| 766|0x00000007a4800000, 0x00000007a4a00000, 0x00000007a4a00000|100%|HC|  |TAMS 0x00000007a4800000, 0x00000007a4a00000| Complete 
| 767|0x00000007a4a00000, 0x00000007a4c00000, 0x00000007a4c00000|100%|HC|  |TAMS 0x00000007a4a00000, 0x00000007a4c00000| Complete 
| 768|0x00000007a4c00000, 0x00000007a4e00000, 0x00000007a4e00000|100%|HC|  |TAMS 0x00000007a4c00000, 0x00000007a4e00000| Complete 
| 769|0x00000007a4e00000, 0x00000007a5000000, 0x00000007a5000000|100%|HC|  |TAMS 0x00000007a4e00000, 0x00000007a5000000| Complete 
| 770|0x00000007a5000000, 0x00000007a5200000, 0x00000007a5200000|100%|HC|  |TAMS 0x00000007a5000000, 0x00000007a5200000| Complete 
| 771|0x00000007a5200000, 0x00000007a5400000, 0x00000007a5400000|100%|HC|  |TAMS 0x00000007a5200000, 0x00000007a5400000| Complete 
| 772|0x00000007a5400000, 0x00000007a5600000, 0x00000007a5600000|100%|HC|  |TAMS 0x00000007a5400000, 0x00000007a5600000| Complete 
| 773|0x00000007a5600000, 0x00000007a5800000, 0x00000007a5800000|100%|HC|  |TAMS 0x00000007a5600000, 0x00000007a5800000| Complete 
| 774|0x00000007a5800000, 0x00000007a5a00000, 0x00000007a5a00000|100%|HC|  |TAMS 0x00000007a5800000, 0x00000007a5a00000| Complete 
| 775|0x00000007a5a00000, 0x00000007a5c00000, 0x00000007a5c00000|100%|HC|  |TAMS 0x00000007a5a00000, 0x00000007a5c00000| Complete 
| 776|0x00000007a5c00000, 0x00000007a5e00000, 0x00000007a5e00000|100%|HC|  |TAMS 0x00000007a5c00000, 0x00000007a5e00000| Complete 
| 777|0x00000007a5e00000, 0x00000007a6000000, 0x00000007a6000000|100%|HC|  |TAMS 0x00000007a5e00000, 0x00000007a6000000| Complete 
| 778|0x00000007a6000000, 0x00000007a6200000, 0x00000007a6200000|100%|HC|  |TAMS 0x00000007a6000000, 0x00000007a6200000| Complete 
| 779|0x00000007a6200000, 0x00000007a6400000, 0x00000007a6400000|100%|HC|  |TAMS 0x00000007a6200000, 0x00000007a6400000| Complete 
| 780|0x00000007a6400000, 0x00000007a6600000, 0x00000007a6600000|100%|HC|  |TAMS 0x00000007a6400000, 0x00000007a6600000| Complete 
| 781|0x00000007a6600000, 0x00000007a6800000, 0x00000007a6800000|100%|HC|  |TAMS 0x00000007a6600000, 0x00000007a6800000| Complete 
| 782|0x00000007a6800000, 0x00000007a6a00000, 0x00000007a6a00000|100%|HC|  |TAMS 0x00000007a6800000, 0x00000007a6a00000| Complete 
| 783|0x00000007a6a00000, 0x00000007a6c00000, 0x00000007a6c00000|100%|HC|  |TAMS 0x00000007a6a00000, 0x00000007a6c00000| Complete 
| 784|0x00000007a6c00000, 0x00000007a6e00000, 0x00000007a6e00000|100%|HC|  |TAMS 0x00000007a6c00000, 0x00000007a6e00000| Complete 
| 785|0x00000007a6e00000, 0x00000007a7000000, 0x00000007a7000000|100%|HC|  |TAMS 0x00000007a6e00000, 0x00000007a7000000| Complete 
| 786|0x00000007a7000000, 0x00000007a7200000, 0x00000007a7200000|100%|HC|  |TAMS 0x00000007a7000000, 0x00000007a7200000| Complete 
| 787|0x00000007a7200000, 0x00000007a7400000, 0x00000007a7400000|100%|HC|  |TAMS 0x00000007a7200000, 0x00000007a7400000| Complete 
| 788|0x00000007a7400000, 0x00000007a7600000, 0x00000007a7600000|100%|HC|  |TAMS 0x00000007a7400000, 0x00000007a7600000| Complete 
| 789|0x00000007a7600000, 0x00000007a7800000, 0x00000007a7800000|100%|HC|  |TAMS 0x00000007a7600000, 0x00000007a7800000| Complete 
| 790|0x00000007a7800000, 0x00000007a7a00000, 0x00000007a7a00000|100%|HC|  |TAMS 0x00000007a7800000, 0x00000007a7a00000| Complete 
| 791|0x00000007a7a00000, 0x00000007a7c00000, 0x00000007a7c00000|100%|HC|  |TAMS 0x00000007a7a00000, 0x00000007a7c00000| Complete 
| 792|0x00000007a7c00000, 0x00000007a7e00000, 0x00000007a7e00000|100%|HC|  |TAMS 0x00000007a7c00000, 0x00000007a7e00000| Complete 
| 793|0x00000007a7e00000, 0x00000007a8000000, 0x00000007a8000000|100%|HC|  |TAMS 0x00000007a7e00000, 0x00000007a8000000| Complete 
| 794|0x00000007a8000000, 0x00000007a8200000, 0x00000007a8200000|100%|HC|  |TAMS 0x00000007a8000000, 0x00000007a8200000| Complete 
| 795|0x00000007a8200000, 0x00000007a8400000, 0x00000007a8400000|100%|HC|  |TAMS 0x00000007a8200000, 0x00000007a8400000| Complete 
| 796|0x00000007a8400000, 0x00000007a8600000, 0x00000007a8600000|100%|HC|  |TAMS 0x00000007a8400000, 0x00000007a8600000| Complete 
| 797|0x00000007a8600000, 0x00000007a8800000, 0x00000007a8800000|100%|HC|  |TAMS 0x00000007a8600000, 0x00000007a8800000| Complete 
| 798|0x00000007a8800000, 0x00000007a8a00000, 0x00000007a8a00000|100%|HC|  |TAMS 0x00000007a8800000, 0x00000007a8a00000| Complete 
| 799|0x00000007a8a00000, 0x00000007a8c00000, 0x00000007a8c00000|100%|HC|  |TAMS 0x00000007a8a00000, 0x00000007a8c00000| Complete 
| 800|0x00000007a8c00000, 0x00000007a8e00000, 0x00000007a8e00000|100%|HC|  |TAMS 0x00000007a8c00000, 0x00000007a8e00000| Complete 
| 801|0x00000007a8e00000, 0x00000007a9000000, 0x00000007a9000000|100%|HC|  |TAMS 0x00000007a8e00000, 0x00000007a9000000| Complete 
| 802|0x00000007a9000000, 0x00000007a9200000, 0x00000007a9200000|100%|HC|  |TAMS 0x00000007a9000000, 0x00000007a9200000| Complete 
| 803|0x00000007a9200000, 0x00000007a9400000, 0x00000007a9400000|100%|HC|  |TAMS 0x00000007a9200000, 0x00000007a9400000| Complete 
| 804|0x00000007a9400000, 0x00000007a9600000, 0x00000007a9600000|100%|HC|  |TAMS 0x00000007a9400000, 0x00000007a9600000| Complete 
| 805|0x00000007a9600000, 0x00000007a9800000, 0x00000007a9800000|100%|HC|  |TAMS 0x00000007a9600000, 0x00000007a9800000| Complete 
| 806|0x00000007a9800000, 0x00000007a9a00000, 0x00000007a9a00000|100%|HC|  |TAMS 0x00000007a9800000, 0x00000007a9a00000| Complete 
| 807|0x00000007a9a00000, 0x00000007a9c00000, 0x00000007a9c00000|100%|HC|  |TAMS 0x00000007a9a00000, 0x00000007a9c00000| Complete 
| 808|0x00000007a9c00000, 0x00000007a9e00000, 0x00000007a9e00000|100%|HC|  |TAMS 0x00000007a9c00000, 0x00000007a9e00000| Complete 
| 809|0x00000007a9e00000, 0x00000007aa000000, 0x00000007aa000000|100%|HC|  |TAMS 0x00000007a9e00000, 0x00000007aa000000| Complete 
| 810|0x00000007aa000000, 0x00000007aa200000, 0x00000007aa200000|100%|HC|  |TAMS 0x00000007aa000000, 0x00000007aa200000| Complete 
| 811|0x00000007aa200000, 0x00000007aa400000, 0x00000007aa400000|100%|HC|  |TAMS 0x00000007aa200000, 0x00000007aa400000| Complete 
| 812|0x00000007aa400000, 0x00000007aa600000, 0x00000007aa600000|100%|HC|  |TAMS 0x00000007aa400000, 0x00000007aa600000| Complete 
| 813|0x00000007aa600000, 0x00000007aa800000, 0x00000007aa800000|100%|HC|  |TAMS 0x00000007aa600000, 0x00000007aa800000| Complete 
| 814|0x00000007aa800000, 0x00000007aaa00000, 0x00000007aaa00000|100%|HC|  |TAMS 0x00000007aa800000, 0x00000007aaa00000| Complete 
| 815|0x00000007aaa00000, 0x00000007aac00000, 0x00000007aac00000|100%|HC|  |TAMS 0x00000007aaa00000, 0x00000007aac00000| Complete 
| 816|0x00000007aac00000, 0x00000007aae00000, 0x00000007aae00000|100%|HC|  |TAMS 0x00000007aac00000, 0x00000007aae00000| Complete 
| 817|0x00000007aae00000, 0x00000007ab000000, 0x00000007ab000000|100%|HC|  |TAMS 0x00000007aae00000, 0x00000007ab000000| Complete 
| 818|0x00000007ab000000, 0x00000007ab200000, 0x00000007ab200000|100%|HC|  |TAMS 0x00000007ab000000, 0x00000007ab200000| Complete 
| 819|0x00000007ab200000, 0x00000007ab400000, 0x00000007ab400000|100%|HC|  |TAMS 0x00000007ab200000, 0x00000007ab400000| Complete 
| 820|0x00000007ab400000, 0x00000007ab600000, 0x00000007ab600000|100%|HC|  |TAMS 0x00000007ab400000, 0x00000007ab600000| Complete 
| 821|0x00000007ab600000, 0x00000007ab800000, 0x00000007ab800000|100%|HC|  |TAMS 0x00000007ab600000, 0x00000007ab800000| Complete 
| 822|0x00000007ab800000, 0x00000007aba00000, 0x00000007aba00000|100%|HC|  |TAMS 0x00000007ab800000, 0x00000007aba00000| Complete 
| 823|0x00000007aba00000, 0x00000007abc00000, 0x00000007abc00000|100%|HC|  |TAMS 0x00000007aba00000, 0x00000007abc00000| Complete 
| 824|0x00000007abc00000, 0x00000007abe00000, 0x00000007abe00000|100%|HC|  |TAMS 0x00000007abc00000, 0x00000007abe00000| Complete 
| 825|0x00000007abe00000, 0x00000007ac000000, 0x00000007ac000000|100%|HC|  |TAMS 0x00000007abe00000, 0x00000007ac000000| Complete 
| 826|0x00000007ac000000, 0x00000007ac200000, 0x00000007ac200000|100%|HC|  |TAMS 0x00000007ac000000, 0x00000007ac200000| Complete 
| 827|0x00000007ac200000, 0x00000007ac400000, 0x00000007ac400000|100%|HC|  |TAMS 0x00000007ac200000, 0x00000007ac400000| Complete 
| 828|0x00000007ac400000, 0x00000007ac600000, 0x00000007ac600000|100%|HC|  |TAMS 0x00000007ac400000, 0x00000007ac600000| Complete 
| 829|0x00000007ac600000, 0x00000007ac800000, 0x00000007ac800000|100%|HC|  |TAMS 0x00000007ac600000, 0x00000007ac800000| Complete 
| 830|0x00000007ac800000, 0x00000007aca00000, 0x00000007aca00000|100%|HC|  |TAMS 0x00000007ac800000, 0x00000007aca00000| Complete 
| 831|0x00000007aca00000, 0x00000007acc00000, 0x00000007acc00000|100%|HC|  |TAMS 0x00000007aca00000, 0x00000007acc00000| Complete 
| 832|0x00000007acc00000, 0x00000007ace00000, 0x00000007ace00000|100%|HC|  |TAMS 0x00000007acc00000, 0x00000007ace00000| Complete 
| 833|0x00000007ace00000, 0x00000007ad000000, 0x00000007ad000000|100%|HC|  |TAMS 0x00000007ace00000, 0x00000007ad000000| Complete 
| 834|0x00000007ad000000, 0x00000007ad200000, 0x00000007ad200000|100%|HC|  |TAMS 0x00000007ad000000, 0x00000007ad200000| Complete 
| 835|0x00000007ad200000, 0x00000007ad400000, 0x00000007ad400000|100%|HC|  |TAMS 0x00000007ad200000, 0x00000007ad400000| Complete 
| 836|0x00000007ad400000, 0x00000007ad600000, 0x00000007ad600000|100%|HC|  |TAMS 0x00000007ad400000, 0x00000007ad600000| Complete 
| 837|0x00000007ad600000, 0x00000007ad800000, 0x00000007ad800000|100%|HC|  |TAMS 0x00000007ad600000, 0x00000007ad800000| Complete 
| 838|0x00000007ad800000, 0x00000007ada00000, 0x00000007ada00000|100%|HC|  |TAMS 0x00000007ad800000, 0x00000007ada00000| Complete 
| 839|0x00000007ada00000, 0x00000007adc00000, 0x00000007adc00000|100%|HC|  |TAMS 0x00000007ada00000, 0x00000007adc00000| Complete 
| 840|0x00000007adc00000, 0x00000007ade00000, 0x00000007ade00000|100%|HC|  |TAMS 0x00000007adc00000, 0x00000007ade00000| Complete 
| 841|0x00000007ade00000, 0x00000007ae000000, 0x00000007ae000000|100%|HC|  |TAMS 0x00000007ade00000, 0x00000007ae000000| Complete 
| 842|0x00000007ae000000, 0x00000007ae200000, 0x00000007ae200000|100%|HC|  |TAMS 0x00000007ae000000, 0x00000007ae200000| Complete 
| 843|0x00000007ae200000, 0x00000007ae400000, 0x00000007ae400000|100%|HC|  |TAMS 0x00000007ae200000, 0x00000007ae400000| Complete 
| 844|0x00000007ae400000, 0x00000007ae600000, 0x00000007ae600000|100%|HC|  |TAMS 0x00000007ae400000, 0x00000007ae600000| Complete 
| 845|0x00000007ae600000, 0x00000007ae800000, 0x00000007ae800000|100%|HC|  |TAMS 0x00000007ae600000, 0x00000007ae800000| Complete 
| 846|0x00000007ae800000, 0x00000007aea00000, 0x00000007aea00000|100%|HC|  |TAMS 0x00000007ae800000, 0x00000007aea00000| Complete 
| 847|0x00000007aea00000, 0x00000007aec00000, 0x00000007aec00000|100%|HC|  |TAMS 0x00000007aea00000, 0x00000007aec00000| Complete 
| 848|0x00000007aec00000, 0x00000007aee00000, 0x00000007aee00000|100%|HC|  |TAMS 0x00000007aec00000, 0x00000007aee00000| Complete 
| 849|0x00000007aee00000, 0x00000007af000000, 0x00000007af000000|100%|HC|  |TAMS 0x00000007aee00000, 0x00000007af000000| Complete 
| 850|0x00000007af000000, 0x00000007af200000, 0x00000007af200000|100%|HC|  |TAMS 0x00000007af000000, 0x00000007af200000| Complete 
| 851|0x00000007af200000, 0x00000007af400000, 0x00000007af400000|100%|HC|  |TAMS 0x00000007af200000, 0x00000007af400000| Complete 
| 852|0x00000007af400000, 0x00000007af600000, 0x00000007af600000|100%|HC|  |TAMS 0x00000007af400000, 0x00000007af600000| Complete 
| 853|0x00000007af600000, 0x00000007af800000, 0x00000007af800000|100%|HC|  |TAMS 0x00000007af600000, 0x00000007af800000| Complete 
| 854|0x00000007af800000, 0x00000007afa00000, 0x00000007afa00000|100%|HC|  |TAMS 0x00000007af800000, 0x00000007afa00000| Complete 
| 855|0x00000007afa00000, 0x00000007afc00000, 0x00000007afc00000|100%|HC|  |TAMS 0x00000007afa00000, 0x00000007afc00000| Complete 
| 856|0x00000007afc00000, 0x00000007afe00000, 0x00000007afe00000|100%|HC|  |TAMS 0x00000007afc00000, 0x00000007afe00000| Complete 
| 857|0x00000007afe00000, 0x00000007b0000000, 0x00000007b0000000|100%|HC|  |TAMS 0x00000007afe00000, 0x00000007b0000000| Complete 
| 858|0x00000007b0000000, 0x00000007b0000000, 0x00000007b0200000|  0%| F|  |TAMS 0x00000007b0000000, 0x00000007b0000000| Untracked 
| 859|0x00000007b0200000, 0x00000007b0200000, 0x00000007b0400000|  0%| F|  |TAMS 0x00000007b0200000, 0x00000007b0200000| Untracked 
| 860|0x00000007b0400000, 0x00000007b0400000, 0x00000007b0600000|  0%| F|  |TAMS 0x00000007b0400000, 0x00000007b0400000| Untracked 
| 861|0x00000007b0600000, 0x00000007b0600000, 0x00000007b0800000|  0%| F|  |TAMS 0x00000007b0600000, 0x00000007b0600000| Untracked 
| 862|0x00000007b0800000, 0x00000007b0800000, 0x00000007b0a00000|  0%| F|  |TAMS 0x00000007b0800000, 0x00000007b0800000| Untracked 
| 863|0x00000007b0a00000, 0x00000007b0a00000, 0x00000007b0c00000|  0%| F|  |TAMS 0x00000007b0a00000, 0x00000007b0a00000| Untracked 
| 864|0x00000007b0c00000, 0x00000007b0c00000, 0x00000007b0e00000|  0%| F|  |TAMS 0x00000007b0c00000, 0x00000007b0c00000| Untracked 
| 865|0x00000007b0e00000, 0x00000007b0e00000, 0x00000007b1000000|  0%| F|  |TAMS 0x00000007b0e00000, 0x00000007b0e00000| Untracked 
| 866|0x00000007b1000000, 0x00000007b1000000, 0x00000007b1200000|  0%| F|  |TAMS 0x00000007b1000000, 0x00000007b1000000| Untracked 
| 867|0x00000007b1200000, 0x00000007b1200000, 0x00000007b1400000|  0%| F|  |TAMS 0x00000007b1200000, 0x00000007b1200000| Untracked 
| 868|0x00000007b1400000, 0x00000007b1400000, 0x00000007b1600000|  0%| F|  |TAMS 0x00000007b1400000, 0x00000007b1400000| Untracked 
| 869|0x00000007b1600000, 0x00000007b1600000, 0x00000007b1800000|  0%| F|  |TAMS 0x00000007b1600000, 0x00000007b1600000| Untracked 
| 870|0x00000007b1800000, 0x00000007b1800000, 0x00000007b1a00000|  0%| F|  |TAMS 0x00000007b1800000, 0x00000007b1800000| Untracked 
| 871|0x00000007b1a00000, 0x00000007b1a00000, 0x00000007b1c00000|  0%| F|  |TAMS 0x00000007b1a00000, 0x00000007b1a00000| Untracked 
| 872|0x00000007b1c00000, 0x00000007b1c00000, 0x00000007b1e00000|  0%| F|  |TAMS 0x00000007b1c00000, 0x00000007b1c00000| Untracked 
| 873|0x00000007b1e00000, 0x00000007b1e00000, 0x00000007b2000000|  0%| F|  |TAMS 0x00000007b1e00000, 0x00000007b1e00000| Untracked 
| 874|0x00000007b2000000, 0x00000007b2000000, 0x00000007b2200000|  0%| F|  |TAMS 0x00000007b2000000, 0x00000007b2000000| Untracked 
| 875|0x00000007b2200000, 0x00000007b2200000, 0x00000007b2400000|  0%| F|  |TAMS 0x00000007b2200000, 0x00000007b2200000| Untracked 
| 876|0x00000007b2400000, 0x00000007b2400000, 0x00000007b2600000|  0%| F|  |TAMS 0x00000007b2400000, 0x00000007b2400000| Untracked 
| 877|0x00000007b2600000, 0x00000007b2600000, 0x00000007b2800000|  0%| F|  |TAMS 0x00000007b2600000, 0x00000007b2600000| Untracked 
| 878|0x00000007b2800000, 0x00000007b2800000, 0x00000007b2a00000|  0%| F|  |TAMS 0x00000007b2800000, 0x00000007b2800000| Untracked 
| 879|0x00000007b2a00000, 0x00000007b2a00000, 0x00000007b2c00000|  0%| F|  |TAMS 0x00000007b2a00000, 0x00000007b2a00000| Untracked 
| 880|0x00000007b2c00000, 0x00000007b2c00000, 0x00000007b2e00000|  0%| F|  |TAMS 0x00000007b2c00000, 0x00000007b2c00000| Untracked 
| 881|0x00000007b2e00000, 0x00000007b2e00000, 0x00000007b3000000|  0%| F|  |TAMS 0x00000007b2e00000, 0x00000007b2e00000| Untracked 
| 882|0x00000007b3000000, 0x00000007b3000000, 0x00000007b3200000|  0%| F|  |TAMS 0x00000007b3000000, 0x00000007b3000000| Untracked 
| 883|0x00000007b3200000, 0x00000007b3200000, 0x00000007b3400000|  0%| F|  |TAMS 0x00000007b3200000, 0x00000007b3200000| Untracked 
| 884|0x00000007b3400000, 0x00000007b3400000, 0x00000007b3600000|  0%| F|  |TAMS 0x00000007b3400000, 0x00000007b3400000| Untracked 
| 885|0x00000007b3600000, 0x00000007b3600000, 0x00000007b3800000|  0%| F|  |TAMS 0x00000007b3600000, 0x00000007b3600000| Untracked 
| 886|0x00000007b3800000, 0x00000007b3800000, 0x00000007b3a00000|  0%| F|  |TAMS 0x00000007b3800000, 0x00000007b3800000| Untracked 
| 887|0x00000007b3a00000, 0x00000007b3a00000, 0x00000007b3c00000|  0%| F|  |TAMS 0x00000007b3a00000, 0x00000007b3a00000| Untracked 
| 888|0x00000007b3c00000, 0x00000007b3c00000, 0x00000007b3e00000|  0%| F|  |TAMS 0x00000007b3c00000, 0x00000007b3c00000| Untracked 
| 889|0x00000007b3e00000, 0x00000007b3e00000, 0x00000007b4000000|  0%| F|  |TAMS 0x00000007b3e00000, 0x00000007b3e00000| Untracked 
| 890|0x00000007b4000000, 0x00000007b4000000, 0x00000007b4200000|  0%| F|  |TAMS 0x00000007b4000000, 0x00000007b4000000| Untracked 
| 891|0x00000007b4200000, 0x00000007b4200000, 0x00000007b4400000|  0%| F|  |TAMS 0x00000007b4200000, 0x00000007b4200000| Untracked 
| 892|0x00000007b4400000, 0x00000007b4400000, 0x00000007b4600000|  0%| F|  |TAMS 0x00000007b4400000, 0x00000007b4400000| Untracked 
| 893|0x00000007b4600000, 0x00000007b4600000, 0x00000007b4800000|  0%| F|  |TAMS 0x00000007b4600000, 0x00000007b4600000| Untracked 
| 894|0x00000007b4800000, 0x00000007b4800000, 0x00000007b4a00000|  0%| F|  |TAMS 0x00000007b4800000, 0x00000007b4800000| Untracked 
| 895|0x00000007b4a00000, 0x00000007b4a00000, 0x00000007b4c00000|  0%| F|  |TAMS 0x00000007b4a00000, 0x00000007b4a00000| Untracked 
| 896|0x00000007b4c00000, 0x00000007b4c00000, 0x00000007b4e00000|  0%| F|  |TAMS 0x00000007b4c00000, 0x00000007b4c00000| Untracked 
| 897|0x00000007b4e00000, 0x00000007b4e00000, 0x00000007b5000000|  0%| F|  |TAMS 0x00000007b4e00000, 0x00000007b4e00000| Untracked 
| 898|0x00000007b5000000, 0x00000007b5000000, 0x00000007b5200000|  0%| F|  |TAMS 0x00000007b5000000, 0x00000007b5000000| Untracked 
| 899|0x00000007b5200000, 0x00000007b5200000, 0x00000007b5400000|  0%| F|  |TAMS 0x00000007b5200000, 0x00000007b5200000| Untracked 
| 900|0x00000007b5400000, 0x00000007b5400000, 0x00000007b5600000|  0%| F|  |TAMS 0x00000007b5400000, 0x00000007b5400000| Untracked 
| 901|0x00000007b5600000, 0x00000007b5600000, 0x00000007b5800000|  0%| F|  |TAMS 0x00000007b5600000, 0x00000007b5600000| Untracked 
| 902|0x00000007b5800000, 0x00000007b5800000, 0x00000007b5a00000|  0%| F|  |TAMS 0x00000007b5800000, 0x00000007b5800000| Untracked 
| 903|0x00000007b5a00000, 0x00000007b5a00000, 0x00000007b5c00000|  0%| F|  |TAMS 0x00000007b5a00000, 0x00000007b5a00000| Untracked 
| 904|0x00000007b5c00000, 0x00000007b5c00000, 0x00000007b5e00000|  0%| F|  |TAMS 0x00000007b5c00000, 0x00000007b5c00000| Untracked 
| 905|0x00000007b5e00000, 0x00000007b5e00000, 0x00000007b6000000|  0%| F|  |TAMS 0x00000007b5e00000, 0x00000007b5e00000| Untracked 
| 906|0x00000007b6000000, 0x00000007b6000000, 0x00000007b6200000|  0%| F|  |TAMS 0x00000007b6000000, 0x00000007b6000000| Untracked 
| 907|0x00000007b6200000, 0x00000007b6200000, 0x00000007b6400000|  0%| F|  |TAMS 0x00000007b6200000, 0x00000007b6200000| Untracked 
| 908|0x00000007b6400000, 0x00000007b6400000, 0x00000007b6600000|  0%| F|  |TAMS 0x00000007b6400000, 0x00000007b6400000| Untracked 
| 909|0x00000007b6600000, 0x00000007b6600000, 0x00000007b6800000|  0%| F|  |TAMS 0x00000007b6600000, 0x00000007b6600000| Untracked 
| 910|0x00000007b6800000, 0x00000007b6800000, 0x00000007b6a00000|  0%| F|  |TAMS 0x00000007b6800000, 0x00000007b6800000| Untracked 
| 911|0x00000007b6a00000, 0x00000007b6a00000, 0x00000007b6c00000|  0%| F|  |TAMS 0x00000007b6a00000, 0x00000007b6a00000| Untracked 
| 912|0x00000007b6c00000, 0x00000007b6c00000, 0x00000007b6e00000|  0%| F|  |TAMS 0x00000007b6c00000, 0x00000007b6c00000| Untracked 
| 913|0x00000007b6e00000, 0x00000007b6e00000, 0x00000007b7000000|  0%| F|  |TAMS 0x00000007b6e00000, 0x00000007b6e00000| Untracked 
| 914|0x00000007b7000000, 0x00000007b7000000, 0x00000007b7200000|  0%| F|  |TAMS 0x00000007b7000000, 0x00000007b7000000| Untracked 
| 915|0x00000007b7200000, 0x00000007b7200000, 0x00000007b7400000|  0%| F|  |TAMS 0x00000007b7200000, 0x00000007b7200000| Untracked 
| 916|0x00000007b7400000, 0x00000007b7400000, 0x00000007b7600000|  0%| F|  |TAMS 0x00000007b7400000, 0x00000007b7400000| Untracked 
| 917|0x00000007b7600000, 0x00000007b7600000, 0x00000007b7800000|  0%| F|  |TAMS 0x00000007b7600000, 0x00000007b7600000| Untracked 
| 918|0x00000007b7800000, 0x00000007b7800000, 0x00000007b7a00000|  0%| F|  |TAMS 0x00000007b7800000, 0x00000007b7800000| Untracked 
| 919|0x00000007b7a00000, 0x00000007b7a00000, 0x00000007b7c00000|  0%| F|  |TAMS 0x00000007b7a00000, 0x00000007b7a00000| Untracked 
| 920|0x00000007b7c00000, 0x00000007b7c00000, 0x00000007b7e00000|  0%| F|  |TAMS 0x00000007b7c00000, 0x00000007b7c00000| Untracked 
| 921|0x00000007b7e00000, 0x00000007b7e00000, 0x00000007b8000000|  0%| F|  |TAMS 0x00000007b7e00000, 0x00000007b7e00000| Untracked 
| 922|0x00000007b8000000, 0x00000007b8000000, 0x00000007b8200000|  0%| F|  |TAMS 0x00000007b8000000, 0x00000007b8000000| Untracked 
| 923|0x00000007b8200000, 0x00000007b8200000, 0x00000007b8400000|  0%| F|  |TAMS 0x00000007b8200000, 0x00000007b8200000| Untracked 
| 924|0x00000007b8400000, 0x00000007b8400000, 0x00000007b8600000|  0%| F|  |TAMS 0x00000007b8400000, 0x00000007b8400000| Untracked 
| 925|0x00000007b8600000, 0x00000007b8600000, 0x00000007b8800000|  0%| F|  |TAMS 0x00000007b8600000, 0x00000007b8600000| Untracked 
| 926|0x00000007b8800000, 0x00000007b8800000, 0x00000007b8a00000|  0%| F|  |TAMS 0x00000007b8800000, 0x00000007b8800000| Untracked 
| 927|0x00000007b8a00000, 0x00000007b8a00000, 0x00000007b8c00000|  0%| F|  |TAMS 0x00000007b8a00000, 0x00000007b8a00000| Untracked 
| 928|0x00000007b8c00000, 0x00000007b8c00000, 0x00000007b8e00000|  0%| F|  |TAMS 0x00000007b8c00000, 0x00000007b8c00000| Untracked 
| 929|0x00000007b8e00000, 0x00000007b8e00000, 0x00000007b9000000|  0%| F|  |TAMS 0x00000007b8e00000, 0x00000007b8e00000| Untracked 
| 930|0x00000007b9000000, 0x00000007b9000000, 0x00000007b9200000|  0%| F|  |TAMS 0x00000007b9000000, 0x00000007b9000000| Untracked 
| 931|0x00000007b9200000, 0x00000007b9200000, 0x00000007b9400000|  0%| F|  |TAMS 0x00000007b9200000, 0x00000007b9200000| Untracked 
| 932|0x00000007b9400000, 0x00000007b9400000, 0x00000007b9600000|  0%| F|  |TAMS 0x00000007b9400000, 0x00000007b9400000| Untracked 
| 933|0x00000007b9600000, 0x00000007b9600000, 0x00000007b9800000|  0%| F|  |TAMS 0x00000007b9600000, 0x00000007b9600000| Untracked 
| 934|0x00000007b9800000, 0x00000007b9800000, 0x00000007b9a00000|  0%| F|  |TAMS 0x00000007b9800000, 0x00000007b9800000| Untracked 
| 935|0x00000007b9a00000, 0x00000007b9a00000, 0x00000007b9c00000|  0%| F|  |TAMS 0x00000007b9a00000, 0x00000007b9a00000| Untracked 
| 936|0x00000007b9c00000, 0x00000007b9c00000, 0x00000007b9e00000|  0%| F|  |TAMS 0x00000007b9c00000, 0x00000007b9c00000| Untracked 
| 937|0x00000007b9e00000, 0x00000007b9e00000, 0x00000007ba000000|  0%| F|  |TAMS 0x00000007b9e00000, 0x00000007b9e00000| Untracked 
| 938|0x00000007ba000000, 0x00000007ba000000, 0x00000007ba200000|  0%| F|  |TAMS 0x00000007ba000000, 0x00000007ba000000| Untracked 
| 939|0x00000007ba200000, 0x00000007ba200000, 0x00000007ba400000|  0%| F|  |TAMS 0x00000007ba200000, 0x00000007ba200000| Untracked 
| 940|0x00000007ba400000, 0x00000007ba400000, 0x00000007ba600000|  0%| F|  |TAMS 0x00000007ba400000, 0x00000007ba400000| Untracked 
| 941|0x00000007ba600000, 0x00000007ba600000, 0x00000007ba800000|  0%| F|  |TAMS 0x00000007ba600000, 0x00000007ba600000| Untracked 
| 942|0x00000007ba800000, 0x00000007ba800000, 0x00000007baa00000|  0%| F|  |TAMS 0x00000007ba800000, 0x00000007ba800000| Untracked 
| 943|0x00000007baa00000, 0x00000007baa00000, 0x00000007bac00000|  0%| F|  |TAMS 0x00000007baa00000, 0x00000007baa00000| Untracked 
| 944|0x00000007bac00000, 0x00000007bac00000, 0x00000007bae00000|  0%| F|  |TAMS 0x00000007bac00000, 0x00000007bac00000| Untracked 
| 945|0x00000007bae00000, 0x00000007bae00000, 0x00000007bb000000|  0%| F|  |TAMS 0x00000007bae00000, 0x00000007bae00000| Untracked 
| 946|0x00000007bb000000, 0x00000007bb000000, 0x00000007bb200000|  0%| F|  |TAMS 0x00000007bb000000, 0x00000007bb000000| Untracked 
| 947|0x00000007bb200000, 0x00000007bb200000, 0x00000007bb400000|  0%| F|  |TAMS 0x00000007bb200000, 0x00000007bb200000| Untracked 
| 948|0x00000007bb400000, 0x00000007bb400000, 0x00000007bb600000|  0%| F|  |TAMS 0x00000007bb400000, 0x00000007bb400000| Untracked 
| 949|0x00000007bb600000, 0x00000007bb600000, 0x00000007bb800000|  0%| F|  |TAMS 0x00000007bb600000, 0x00000007bb600000| Untracked 
| 950|0x00000007bb800000, 0x00000007bb800000, 0x00000007bba00000|  0%| F|  |TAMS 0x00000007bb800000, 0x00000007bb800000| Untracked 
| 951|0x00000007bba00000, 0x00000007bba00000, 0x00000007bbc00000|  0%| F|  |TAMS 0x00000007bba00000, 0x00000007bba00000| Untracked 
| 952|0x00000007bbc00000, 0x00000007bbc00000, 0x00000007bbe00000|  0%| F|  |TAMS 0x00000007bbc00000, 0x00000007bbc00000| Untracked 
| 953|0x00000007bbe00000, 0x00000007bbe00000, 0x00000007bc000000|  0%| F|  |TAMS 0x00000007bbe00000, 0x00000007bbe00000| Untracked 
| 954|0x00000007bc000000, 0x00000007bc000000, 0x00000007bc200000|  0%| F|  |TAMS 0x00000007bc000000, 0x00000007bc000000| Untracked 
| 955|0x00000007bc200000, 0x00000007bc200000, 0x00000007bc400000|  0%| F|  |TAMS 0x00000007bc200000, 0x00000007bc200000| Untracked 
| 956|0x00000007bc400000, 0x00000007bc400000, 0x00000007bc600000|  0%| F|  |TAMS 0x00000007bc400000, 0x00000007bc400000| Untracked 
| 957|0x00000007bc600000, 0x00000007bc600000, 0x00000007bc800000|  0%| F|  |TAMS 0x00000007bc600000, 0x00000007bc600000| Untracked 
| 958|0x00000007bc800000, 0x00000007bc800000, 0x00000007bca00000|  0%| F|  |TAMS 0x00000007bc800000, 0x00000007bc800000| Untracked 
| 959|0x00000007bca00000, 0x00000007bca00000, 0x00000007bcc00000|  0%| F|  |TAMS 0x00000007bca00000, 0x00000007bca00000| Untracked 
| 960|0x00000007bcc00000, 0x00000007bcc00000, 0x00000007bce00000|  0%| F|  |TAMS 0x00000007bcc00000, 0x00000007bcc00000| Untracked 
| 961|0x00000007bce00000, 0x00000007bce00000, 0x00000007bd000000|  0%| F|  |TAMS 0x00000007bce00000, 0x00000007bce00000| Untracked 
| 962|0x00000007bd000000, 0x00000007bd000000, 0x00000007bd200000|  0%| F|  |TAMS 0x00000007bd000000, 0x00000007bd000000| Untracked 
| 963|0x00000007bd200000, 0x00000007bd200000, 0x00000007bd400000|  0%| F|  |TAMS 0x00000007bd200000, 0x00000007bd200000| Untracked 
| 964|0x00000007bd400000, 0x00000007bd400000, 0x00000007bd600000|  0%| F|  |TAMS 0x00000007bd400000, 0x00000007bd400000| Untracked 
| 965|0x00000007bd600000, 0x00000007bd600000, 0x00000007bd800000|  0%| F|  |TAMS 0x00000007bd600000, 0x00000007bd600000| Untracked 
| 966|0x00000007bd800000, 0x00000007bd800000, 0x00000007bda00000|  0%| F|  |TAMS 0x00000007bd800000, 0x00000007bd800000| Untracked 
| 967|0x00000007bda00000, 0x00000007bda00000, 0x00000007bdc00000|  0%| F|  |TAMS 0x00000007bda00000, 0x00000007bda00000| Untracked 
| 968|0x00000007bdc00000, 0x00000007bdc00000, 0x00000007bde00000|  0%| F|  |TAMS 0x00000007bdc00000, 0x00000007bdc00000| Untracked 
| 969|0x00000007bde00000, 0x00000007bde00000, 0x00000007be000000|  0%| F|  |TAMS 0x00000007bde00000, 0x00000007bde00000| Untracked 
| 970|0x00000007be000000, 0x00000007be000000, 0x00000007be200000|  0%| F|  |TAMS 0x00000007be000000, 0x00000007be000000| Untracked 
| 971|0x00000007be200000, 0x00000007be200000, 0x00000007be400000|  0%| F|  |TAMS 0x00000007be200000, 0x00000007be200000| Untracked 
| 972|0x00000007be400000, 0x00000007be400000, 0x00000007be600000|  0%| F|  |TAMS 0x00000007be400000, 0x00000007be400000| Untracked 
| 973|0x00000007be600000, 0x00000007be600000, 0x00000007be800000|  0%| F|  |TAMS 0x00000007be600000, 0x00000007be600000| Untracked 
| 974|0x00000007be800000, 0x00000007be800000, 0x00000007bea00000|  0%| F|  |TAMS 0x00000007be800000, 0x00000007be800000| Untracked 
| 975|0x00000007bea00000, 0x00000007bea00000, 0x00000007bec00000|  0%| F|  |TAMS 0x00000007bea00000, 0x00000007bea00000| Untracked 
| 976|0x00000007bec00000, 0x00000007bec00000, 0x00000007bee00000|  0%| F|  |TAMS 0x00000007bec00000, 0x00000007bec00000| Untracked 
| 977|0x00000007bee00000, 0x00000007bee00000, 0x00000007bf000000|  0%| F|  |TAMS 0x00000007bee00000, 0x00000007bee00000| Untracked 
| 978|0x00000007bf000000, 0x00000007bf000000, 0x00000007bf200000|  0%| F|  |TAMS 0x00000007bf000000, 0x00000007bf000000| Untracked 
| 979|0x00000007bf200000, 0x00000007bf200000, 0x00000007bf400000|  0%| F|  |TAMS 0x00000007bf200000, 0x00000007bf200000| Untracked 
| 980|0x00000007bf400000, 0x00000007bf400000, 0x00000007bf600000|  0%| F|  |TAMS 0x00000007bf400000, 0x00000007bf400000| Untracked 
| 981|0x00000007bf600000, 0x00000007bf600000, 0x00000007bf800000|  0%| F|  |TAMS 0x00000007bf600000, 0x00000007bf600000| Untracked 
| 982|0x00000007bf800000, 0x00000007bf800000, 0x00000007bfa00000|  0%| F|  |TAMS 0x00000007bf800000, 0x00000007bf800000| Untracked 
| 983|0x00000007bfa00000, 0x00000007bfa00000, 0x00000007bfc00000|  0%| F|  |TAMS 0x00000007bfa00000, 0x00000007bfa00000| Untracked 
| 984|0x00000007bfc00000, 0x00000007bfc00000, 0x00000007bfe00000|  0%| F|  |TAMS 0x00000007bfc00000, 0x00000007bfc00000| Untracked 
| 985|0x00000007bfe00000, 0x00000007bfe00000, 0x00000007c0000000|  0%| F|  |TAMS 0x00000007bfe00000, 0x00000007bfe00000| Untracked 
| 986|0x00000007c0000000, 0x00000007c0000000, 0x00000007c0200000|  0%| F|  |TAMS 0x00000007c0000000, 0x00000007c0000000| Untracked 
| 987|0x00000007c0200000, 0x00000007c0200000, 0x00000007c0400000|  0%| F|  |TAMS 0x00000007c0200000, 0x00000007c0200000| Untracked 
| 988|0x00000007c0400000, 0x00000007c0400000, 0x00000007c0600000|  0%| F|  |TAMS 0x00000007c0400000, 0x00000007c0400000| Untracked 
| 989|0x00000007c0600000, 0x00000007c0600000, 0x00000007c0800000|  0%| F|  |TAMS 0x00000007c0600000, 0x00000007c0600000| Untracked 
| 990|0x00000007c0800000, 0x00000007c0800000, 0x00000007c0a00000|  0%| F|  |TAMS 0x00000007c0800000, 0x00000007c0800000| Untracked 
| 991|0x00000007c0a00000, 0x00000007c0a00000, 0x00000007c0c00000|  0%| F|  |TAMS 0x00000007c0a00000, 0x00000007c0a00000| Untracked 
| 992|0x00000007c0c00000, 0x00000007c0c00000, 0x00000007c0e00000|  0%| F|  |TAMS 0x00000007c0c00000, 0x00000007c0c00000| Untracked 
| 993|0x00000007c0e00000, 0x00000007c0e00000, 0x00000007c1000000|  0%| F|  |TAMS 0x00000007c0e00000, 0x00000007c0e00000| Untracked 
| 994|0x00000007c1000000, 0x00000007c1000000, 0x00000007c1200000|  0%| F|  |TAMS 0x00000007c1000000, 0x00000007c1000000| Untracked 
| 995|0x00000007c1200000, 0x00000007c1200000, 0x00000007c1400000|  0%| F|  |TAMS 0x00000007c1200000, 0x00000007c1200000| Untracked 
| 996|0x00000007c1400000, 0x00000007c1400000, 0x00000007c1600000|  0%| F|  |TAMS 0x00000007c1400000, 0x00000007c1400000| Untracked 
| 997|0x00000007c1600000, 0x00000007c1600000, 0x00000007c1800000|  0%| F|  |TAMS 0x00000007c1600000, 0x00000007c1600000| Untracked 
| 998|0x00000007c1800000, 0x00000007c1800000, 0x00000007c1a00000|  0%| F|  |TAMS 0x00000007c1800000, 0x00000007c1800000| Untracked 
| 999|0x00000007c1a00000, 0x00000007c1a00000, 0x00000007c1c00000|  0%| F|  |TAMS 0x00000007c1a00000, 0x00000007c1a00000| Untracked 
|1000|0x00000007c1c00000, 0x00000007c1c00000, 0x00000007c1e00000|  0%| F|  |TAMS 0x00000007c1c00000, 0x00000007c1c00000| Untracked 
|1001|0x00000007c1e00000, 0x00000007c1e00000, 0x00000007c2000000|  0%| F|  |TAMS 0x00000007c1e00000, 0x00000007c1e00000| Untracked 
|1002|0x00000007c2000000, 0x00000007c2000000, 0x00000007c2200000|  0%| F|  |TAMS 0x00000007c2000000, 0x00000007c2000000| Untracked 
|1003|0x00000007c2200000, 0x00000007c2200000, 0x00000007c2400000|  0%| F|  |TAMS 0x00000007c2200000, 0x00000007c2200000| Untracked 
|1004|0x00000007c2400000, 0x00000007c2400000, 0x00000007c2600000|  0%| F|  |TAMS 0x00000007c2400000, 0x00000007c2400000| Untracked 
|1005|0x00000007c2600000, 0x00000007c2600000, 0x00000007c2800000|  0%| F|  |TAMS 0x00000007c2600000, 0x00000007c2600000| Untracked 
|1006|0x00000007c2800000, 0x00000007c2800000, 0x00000007c2a00000|  0%| F|  |TAMS 0x00000007c2800000, 0x00000007c2800000| Untracked 
|1007|0x00000007c2a00000, 0x00000007c2a00000, 0x00000007c2c00000|  0%| F|  |TAMS 0x00000007c2a00000, 0x00000007c2a00000| Untracked 
|1008|0x00000007c2c00000, 0x00000007c2c00000, 0x00000007c2e00000|  0%| F|  |TAMS 0x00000007c2c00000, 0x00000007c2c00000| Untracked 
|1009|0x00000007c2e00000, 0x00000007c2e00000, 0x00000007c3000000|  0%| F|  |TAMS 0x00000007c2e00000, 0x00000007c2e00000| Untracked 
|1010|0x00000007c3000000, 0x00000007c3000000, 0x00000007c3200000|  0%| F|  |TAMS 0x00000007c3000000, 0x00000007c3000000| Untracked 
|1011|0x00000007c3200000, 0x00000007c3200000, 0x00000007c3400000|  0%| F|  |TAMS 0x00000007c3200000, 0x00000007c3200000| Untracked 
|1012|0x00000007c3400000, 0x00000007c3400000, 0x00000007c3600000|  0%| F|  |TAMS 0x00000007c3400000, 0x00000007c3400000| Untracked 
|1013|0x00000007c3600000, 0x00000007c3600000, 0x00000007c3800000|  0%| F|  |TAMS 0x00000007c3600000, 0x00000007c3600000| Untracked 
|1014|0x00000007c3800000, 0x00000007c3800000, 0x00000007c3a00000|  0%| F|  |TAMS 0x00000007c3800000, 0x00000007c3800000| Untracked 
|1015|0x00000007c3a00000, 0x00000007c3a00000, 0x00000007c3c00000|  0%| F|  |TAMS 0x00000007c3a00000, 0x00000007c3a00000| Untracked 
|1016|0x00000007c3c00000, 0x00000007c3c00000, 0x00000007c3e00000|  0%| F|  |TAMS 0x00000007c3c00000, 0x00000007c3c00000| Untracked 
|1017|0x00000007c3e00000, 0x00000007c3e00000, 0x00000007c4000000|  0%| F|  |TAMS 0x00000007c3e00000, 0x00000007c3e00000| Untracked 
|1018|0x00000007c4000000, 0x00000007c4000000, 0x00000007c4200000|  0%| F|  |TAMS 0x00000007c4000000, 0x00000007c4000000| Untracked 
|1019|0x00000007c4200000, 0x00000007c4200000, 0x00000007c4400000|  0%| F|  |TAMS 0x00000007c4200000, 0x00000007c4200000| Untracked 
|1020|0x00000007c4400000, 0x00000007c4400000, 0x00000007c4600000|  0%| F|  |TAMS 0x00000007c4400000, 0x00000007c4400000| Untracked 
|1021|0x00000007c4600000, 0x00000007c4600000, 0x00000007c4800000|  0%| F|  |TAMS 0x00000007c4600000, 0x00000007c4600000| Untracked 
|1022|0x00000007c4800000, 0x00000007c49090b8, 0x00000007c4a00000| 51%| S|CS|TAMS 0x00000007c4800000, 0x00000007c4800000| Complete 
|1023|0x00000007c4a00000, 0x00000007c4c00000, 0x00000007c4c00000|100%| S|CS|TAMS 0x00000007c4a00000, 0x00000007c4a00000| Complete 
|1024|0x00000007c4c00000, 0x00000007c4e00000, 0x00000007c4e00000|100%| S|CS|TAMS 0x00000007c4c00000, 0x00000007c4c00000| Complete 
|1025|0x00000007c4e00000, 0x00000007c5000000, 0x00000007c5000000|100%| S|CS|TAMS 0x00000007c4e00000, 0x00000007c4e00000| Complete 
|1026|0x00000007c5000000, 0x00000007c5200000, 0x00000007c5200000|100%| S|CS|TAMS 0x00000007c5000000, 0x00000007c5000000| Complete 
|1027|0x00000007c5200000, 0x00000007c5400000, 0x00000007c5400000|100%| S|CS|TAMS 0x00000007c5200000, 0x00000007c5200000| Complete 
|1028|0x00000007c5400000, 0x00000007c5600000, 0x00000007c5600000|100%| S|CS|TAMS 0x00000007c5400000, 0x00000007c5400000| Complete 
|1029|0x00000007c5600000, 0x00000007c5800000, 0x00000007c5800000|100%| S|CS|TAMS 0x00000007c5600000, 0x00000007c5600000| Complete 
|1030|0x00000007c5800000, 0x00000007c5a00000, 0x00000007c5a00000|100%| S|CS|TAMS 0x00000007c5800000, 0x00000007c5800000| Complete 
|1031|0x00000007c5a00000, 0x00000007c5c00000, 0x00000007c5c00000|100%| S|CS|TAMS 0x00000007c5a00000, 0x00000007c5a00000| Complete 
|1032|0x00000007c5c00000, 0x00000007c5e00000, 0x00000007c5e00000|100%| S|CS|TAMS 0x00000007c5c00000, 0x00000007c5c00000| Complete 
|1033|0x00000007c5e00000, 0x00000007c6000000, 0x00000007c6000000|100%| S|CS|TAMS 0x00000007c5e00000, 0x00000007c5e00000| Complete 
|1034|0x00000007c6000000, 0x00000007c6200000, 0x00000007c6200000|100%| S|CS|TAMS 0x00000007c6000000, 0x00000007c6000000| Complete 
|1035|0x00000007c6200000, 0x00000007c6400000, 0x00000007c6400000|100%| S|CS|TAMS 0x00000007c6200000, 0x00000007c6200000| Complete 
|1036|0x00000007c6400000, 0x00000007c6400000, 0x00000007c6600000|  0%| F|  |TAMS 0x00000007c6400000, 0x00000007c6400000| Untracked 
|1037|0x00000007c6600000, 0x00000007c6600000, 0x00000007c6800000|  0%| F|  |TAMS 0x00000007c6600000, 0x00000007c6600000| Untracked 
|1038|0x00000007c6800000, 0x00000007c6800000, 0x00000007c6a00000|  0%| F|  |TAMS 0x00000007c6800000, 0x00000007c6800000| Untracked 
|1039|0x00000007c6a00000, 0x00000007c6a00000, 0x00000007c6c00000|  0%| F|  |TAMS 0x00000007c6a00000, 0x00000007c6a00000| Untracked 
|1040|0x00000007c6c00000, 0x00000007c6c00000, 0x00000007c6e00000|  0%| F|  |TAMS 0x00000007c6c00000, 0x00000007c6c00000| Untracked 
|1041|0x00000007c6e00000, 0x00000007c6e00000, 0x00000007c7000000|  0%| F|  |TAMS 0x00000007c6e00000, 0x00000007c6e00000| Untracked 
|1042|0x00000007c7000000, 0x00000007c7000000, 0x00000007c7200000|  0%| F|  |TAMS 0x00000007c7000000, 0x00000007c7000000| Untracked 
|1043|0x00000007c7200000, 0x00000007c7200000, 0x00000007c7400000|  0%| F|  |TAMS 0x00000007c7200000, 0x00000007c7200000| Untracked 
|1044|0x00000007c7400000, 0x00000007c7400000, 0x00000007c7600000|  0%| F|  |TAMS 0x00000007c7400000, 0x00000007c7400000| Untracked 
|1045|0x00000007c7600000, 0x00000007c7600000, 0x00000007c7800000|  0%| F|  |TAMS 0x00000007c7600000, 0x00000007c7600000| Untracked 
|1046|0x00000007c7800000, 0x00000007c7800000, 0x00000007c7a00000|  0%| F|  |TAMS 0x00000007c7800000, 0x00000007c7800000| Untracked 
|1047|0x00000007c7a00000, 0x00000007c7a00000, 0x00000007c7c00000|  0%| F|  |TAMS 0x00000007c7a00000, 0x00000007c7a00000| Untracked 
|1048|0x00000007c7c00000, 0x00000007c7c00000, 0x00000007c7e00000|  0%| F|  |TAMS 0x00000007c7c00000, 0x00000007c7c00000| Untracked 
|1049|0x00000007c7e00000, 0x00000007c7e00000, 0x00000007c8000000|  0%| F|  |TAMS 0x00000007c7e00000, 0x00000007c7e00000| Untracked 
|1050|0x00000007c8000000, 0x00000007c8000000, 0x00000007c8200000|  0%| F|  |TAMS 0x00000007c8000000, 0x00000007c8000000| Untracked 
|1051|0x00000007c8200000, 0x00000007c8200000, 0x00000007c8400000|  0%| F|  |TAMS 0x00000007c8200000, 0x00000007c8200000| Untracked 
|1052|0x00000007c8400000, 0x00000007c8400000, 0x00000007c8600000|  0%| F|  |TAMS 0x00000007c8400000, 0x00000007c8400000| Untracked 
|1053|0x00000007c8600000, 0x00000007c8600000, 0x00000007c8800000|  0%| F|  |TAMS 0x00000007c8600000, 0x00000007c8600000| Untracked 
|1054|0x00000007c8800000, 0x00000007c8800000, 0x00000007c8a00000|  0%| F|  |TAMS 0x00000007c8800000, 0x00000007c8800000| Untracked 
|1055|0x00000007c8a00000, 0x00000007c8a00000, 0x00000007c8c00000|  0%| F|  |TAMS 0x00000007c8a00000, 0x00000007c8a00000| Untracked 
|1056|0x00000007c8c00000, 0x00000007c8c00000, 0x00000007c8e00000|  0%| F|  |TAMS 0x00000007c8c00000, 0x00000007c8c00000| Untracked 
|1057|0x00000007c8e00000, 0x00000007c8e00000, 0x00000007c9000000|  0%| F|  |TAMS 0x00000007c8e00000, 0x00000007c8e00000| Untracked 
|1058|0x00000007c9000000, 0x00000007c9000000, 0x00000007c9200000|  0%| F|  |TAMS 0x00000007c9000000, 0x00000007c9000000| Untracked 
|1059|0x00000007c9200000, 0x00000007c9200000, 0x00000007c9400000|  0%| F|  |TAMS 0x00000007c9200000, 0x00000007c9200000| Untracked 
|1060|0x00000007c9400000, 0x00000007c9400000, 0x00000007c9600000|  0%| F|  |TAMS 0x00000007c9400000, 0x00000007c9400000| Untracked 
|1061|0x00000007c9600000, 0x00000007c9600000, 0x00000007c9800000|  0%| F|  |TAMS 0x00000007c9600000, 0x00000007c9600000| Untracked 
|1062|0x00000007c9800000, 0x00000007c9800000, 0x00000007c9a00000|  0%| F|  |TAMS 0x00000007c9800000, 0x00000007c9800000| Untracked 
|1063|0x00000007c9a00000, 0x00000007c9a00000, 0x00000007c9c00000|  0%| F|  |TAMS 0x00000007c9a00000, 0x00000007c9a00000| Untracked 
|1064|0x00000007c9c00000, 0x00000007c9c00000, 0x00000007c9e00000|  0%| F|  |TAMS 0x00000007c9c00000, 0x00000007c9c00000| Untracked 
|1065|0x00000007c9e00000, 0x00000007c9e00000, 0x00000007ca000000|  0%| F|  |TAMS 0x00000007c9e00000, 0x00000007c9e00000| Untracked 
|1066|0x00000007ca000000, 0x00000007ca000000, 0x00000007ca200000|  0%| F|  |TAMS 0x00000007ca000000, 0x00000007ca000000| Untracked 
|1067|0x00000007ca200000, 0x00000007ca200000, 0x00000007ca400000|  0%| F|  |TAMS 0x00000007ca200000, 0x00000007ca200000| Untracked 
|1068|0x00000007ca400000, 0x00000007ca400000, 0x00000007ca600000|  0%| F|  |TAMS 0x00000007ca400000, 0x00000007ca400000| Untracked 
|1069|0x00000007ca600000, 0x00000007ca600000, 0x00000007ca800000|  0%| F|  |TAMS 0x00000007ca600000, 0x00000007ca600000| Untracked 
|1070|0x00000007ca800000, 0x00000007ca800000, 0x00000007caa00000|  0%| F|  |TAMS 0x00000007ca800000, 0x00000007ca800000| Untracked 
|1071|0x00000007caa00000, 0x00000007caa00000, 0x00000007cac00000|  0%| F|  |TAMS 0x00000007caa00000, 0x00000007caa00000| Untracked 
|1072|0x00000007cac00000, 0x00000007cac00000, 0x00000007cae00000|  0%| F|  |TAMS 0x00000007cac00000, 0x00000007cac00000| Untracked 
|1073|0x00000007cae00000, 0x00000007cae00000, 0x00000007cb000000|  0%| F|  |TAMS 0x00000007cae00000, 0x00000007cae00000| Untracked 
|1074|0x00000007cb000000, 0x00000007cb000000, 0x00000007cb200000|  0%| F|  |TAMS 0x00000007cb000000, 0x00000007cb000000| Untracked 
|1075|0x00000007cb200000, 0x00000007cb200000, 0x00000007cb400000|  0%| F|  |TAMS 0x00000007cb200000, 0x00000007cb200000| Untracked 
|1076|0x00000007cb400000, 0x00000007cb400000, 0x00000007cb600000|  0%| F|  |TAMS 0x00000007cb400000, 0x00000007cb400000| Untracked 
|1077|0x00000007cb600000, 0x00000007cb600000, 0x00000007cb800000|  0%| F|  |TAMS 0x00000007cb600000, 0x00000007cb600000| Untracked 
|1078|0x00000007cb800000, 0x00000007cb800000, 0x00000007cba00000|  0%| F|  |TAMS 0x00000007cb800000, 0x00000007cb800000| Untracked 
|1079|0x00000007cba00000, 0x00000007cba00000, 0x00000007cbc00000|  0%| F|  |TAMS 0x00000007cba00000, 0x00000007cba00000| Untracked 
|1080|0x00000007cbc00000, 0x00000007cbc00000, 0x00000007cbe00000|  0%| F|  |TAMS 0x00000007cbc00000, 0x00000007cbc00000| Untracked 
|1081|0x00000007cbe00000, 0x00000007cbe00000, 0x00000007cc000000|  0%| F|  |TAMS 0x00000007cbe00000, 0x00000007cbe00000| Untracked 
|1082|0x00000007cc000000, 0x00000007cc000000, 0x00000007cc200000|  0%| F|  |TAMS 0x00000007cc000000, 0x00000007cc000000| Untracked 
|1083|0x00000007cc200000, 0x00000007cc200000, 0x00000007cc400000|  0%| F|  |TAMS 0x00000007cc200000, 0x00000007cc200000| Untracked 
|1084|0x00000007cc400000, 0x00000007cc400000, 0x00000007cc600000|  0%| F|  |TAMS 0x00000007cc400000, 0x00000007cc400000| Untracked 
|1085|0x00000007cc600000, 0x00000007cc600000, 0x00000007cc800000|  0%| F|  |TAMS 0x00000007cc600000, 0x00000007cc600000| Untracked 
|1086|0x00000007cc800000, 0x00000007cc800000, 0x00000007cca00000|  0%| F|  |TAMS 0x00000007cc800000, 0x00000007cc800000| Untracked 
|1087|0x00000007cca00000, 0x00000007cca00000, 0x00000007ccc00000|  0%| F|  |TAMS 0x00000007cca00000, 0x00000007cca00000| Untracked 
|1088|0x00000007ccc00000, 0x00000007ccc00000, 0x00000007cce00000|  0%| F|  |TAMS 0x00000007ccc00000, 0x00000007ccc00000| Untracked 
|1089|0x00000007cce00000, 0x00000007cce00000, 0x00000007cd000000|  0%| F|  |TAMS 0x00000007cce00000, 0x00000007cce00000| Untracked 
|1090|0x00000007cd000000, 0x00000007cd000000, 0x00000007cd200000|  0%| F|  |TAMS 0x00000007cd000000, 0x00000007cd000000| Untracked 
|1091|0x00000007cd200000, 0x00000007cd200000, 0x00000007cd400000|  0%| F|  |TAMS 0x00000007cd200000, 0x00000007cd200000| Untracked 
|1092|0x00000007cd400000, 0x00000007cd400000, 0x00000007cd600000|  0%| F|  |TAMS 0x00000007cd400000, 0x00000007cd400000| Untracked 
|1093|0x00000007cd600000, 0x00000007cd600000, 0x00000007cd800000|  0%| F|  |TAMS 0x00000007cd600000, 0x00000007cd600000| Untracked 
|1094|0x00000007cd800000, 0x00000007cd800000, 0x00000007cda00000|  0%| F|  |TAMS 0x00000007cd800000, 0x00000007cd800000| Untracked 
|1095|0x00000007cda00000, 0x00000007cda00000, 0x00000007cdc00000|  0%| F|  |TAMS 0x00000007cda00000, 0x00000007cda00000| Untracked 
|1096|0x00000007cdc00000, 0x00000007cdc00000, 0x00000007cde00000|  0%| F|  |TAMS 0x00000007cdc00000, 0x00000007cdc00000| Untracked 
|1097|0x00000007cde00000, 0x00000007cde00000, 0x00000007ce000000|  0%| F|  |TAMS 0x00000007cde00000, 0x00000007cde00000| Untracked 
|1098|0x00000007ce000000, 0x00000007ce000000, 0x00000007ce200000|  0%| F|  |TAMS 0x00000007ce000000, 0x00000007ce000000| Untracked 
|1099|0x00000007ce200000, 0x00000007ce200000, 0x00000007ce400000|  0%| F|  |TAMS 0x00000007ce200000, 0x00000007ce200000| Untracked 
|1100|0x00000007ce400000, 0x00000007ce400000, 0x00000007ce600000|  0%| F|  |TAMS 0x00000007ce400000, 0x00000007ce400000| Untracked 
|1101|0x00000007ce600000, 0x00000007ce600000, 0x00000007ce800000|  0%| F|  |TAMS 0x00000007ce600000, 0x00000007ce600000| Untracked 
|1102|0x00000007ce800000, 0x00000007ce800000, 0x00000007cea00000|  0%| F|  |TAMS 0x00000007ce800000, 0x00000007ce800000| Untracked 
|1103|0x00000007cea00000, 0x00000007cea00000, 0x00000007cec00000|  0%| F|  |TAMS 0x00000007cea00000, 0x00000007cea00000| Untracked 
|1104|0x00000007cec00000, 0x00000007cec00000, 0x00000007cee00000|  0%| F|  |TAMS 0x00000007cec00000, 0x00000007cec00000| Untracked 
|1105|0x00000007cee00000, 0x00000007cee00000, 0x00000007cf000000|  0%| F|  |TAMS 0x00000007cee00000, 0x00000007cee00000| Untracked 
|1106|0x00000007cf000000, 0x00000007cf000000, 0x00000007cf200000|  0%| F|  |TAMS 0x00000007cf000000, 0x00000007cf000000| Untracked 
|1107|0x00000007cf200000, 0x00000007cf200000, 0x00000007cf400000|  0%| F|  |TAMS 0x00000007cf200000, 0x00000007cf200000| Untracked 
|1108|0x00000007cf400000, 0x00000007cf400000, 0x00000007cf600000|  0%| F|  |TAMS 0x00000007cf400000, 0x00000007cf400000| Untracked 
|1109|0x00000007cf600000, 0x00000007cf600000, 0x00000007cf800000|  0%| F|  |TAMS 0x00000007cf600000, 0x00000007cf600000| Untracked 
|1110|0x00000007cf800000, 0x00000007cf800000, 0x00000007cfa00000|  0%| F|  |TAMS 0x00000007cf800000, 0x00000007cf800000| Untracked 
|1111|0x00000007cfa00000, 0x00000007cfa00000, 0x00000007cfc00000|  0%| F|  |TAMS 0x00000007cfa00000, 0x00000007cfa00000| Untracked 
|1112|0x00000007cfc00000, 0x00000007cfc00000, 0x00000007cfe00000|  0%| F|  |TAMS 0x00000007cfc00000, 0x00000007cfc00000| Untracked 
|1113|0x00000007cfe00000, 0x00000007cfe00000, 0x00000007d0000000|  0%| F|  |TAMS 0x00000007cfe00000, 0x00000007cfe00000| Untracked 
|1114|0x00000007d0000000, 0x00000007d0000000, 0x00000007d0200000|  0%| F|  |TAMS 0x00000007d0000000, 0x00000007d0000000| Untracked 
|1115|0x00000007d0200000, 0x00000007d0200000, 0x00000007d0400000|  0%| F|  |TAMS 0x00000007d0200000, 0x00000007d0200000| Untracked 
|1116|0x00000007d0400000, 0x00000007d0400000, 0x00000007d0600000|  0%| F|  |TAMS 0x00000007d0400000, 0x00000007d0400000| Untracked 
|1117|0x00000007d0600000, 0x00000007d0600000, 0x00000007d0800000|  0%| F|  |TAMS 0x00000007d0600000, 0x00000007d0600000| Untracked 
|1118|0x00000007d0800000, 0x00000007d0800000, 0x00000007d0a00000|  0%| F|  |TAMS 0x00000007d0800000, 0x00000007d0800000| Untracked 
|1119|0x00000007d0a00000, 0x00000007d0a00000, 0x00000007d0c00000|  0%| F|  |TAMS 0x00000007d0a00000, 0x00000007d0a00000| Untracked 
|1120|0x00000007d0c00000, 0x00000007d0c00000, 0x00000007d0e00000|  0%| F|  |TAMS 0x00000007d0c00000, 0x00000007d0c00000| Untracked 
|1121|0x00000007d0e00000, 0x00000007d0e00000, 0x00000007d1000000|  0%| F|  |TAMS 0x00000007d0e00000, 0x00000007d0e00000| Untracked 
|1122|0x00000007d1000000, 0x00000007d1000000, 0x00000007d1200000|  0%| F|  |TAMS 0x00000007d1000000, 0x00000007d1000000| Untracked 
|1123|0x00000007d1200000, 0x00000007d1200000, 0x00000007d1400000|  0%| F|  |TAMS 0x00000007d1200000, 0x00000007d1200000| Untracked 
|1124|0x00000007d1400000, 0x00000007d1400000, 0x00000007d1600000|  0%| F|  |TAMS 0x00000007d1400000, 0x00000007d1400000| Untracked 
|1125|0x00000007d1600000, 0x00000007d1600000, 0x00000007d1800000|  0%| F|  |TAMS 0x00000007d1600000, 0x00000007d1600000| Untracked 
|1126|0x00000007d1800000, 0x00000007d1800000, 0x00000007d1a00000|  0%| F|  |TAMS 0x00000007d1800000, 0x00000007d1800000| Untracked 
|1127|0x00000007d1a00000, 0x00000007d1a00000, 0x00000007d1c00000|  0%| F|  |TAMS 0x00000007d1a00000, 0x00000007d1a00000| Untracked 
|1128|0x00000007d1c00000, 0x00000007d1c00000, 0x00000007d1e00000|  0%| F|  |TAMS 0x00000007d1c00000, 0x00000007d1c00000| Untracked 
|1129|0x00000007d1e00000, 0x00000007d1e00000, 0x00000007d2000000|  0%| F|  |TAMS 0x00000007d1e00000, 0x00000007d1e00000| Untracked 
|1130|0x00000007d2000000, 0x00000007d2000000, 0x00000007d2200000|  0%| F|  |TAMS 0x00000007d2000000, 0x00000007d2000000| Untracked 
|1131|0x00000007d2200000, 0x00000007d2200000, 0x00000007d2400000|  0%| F|  |TAMS 0x00000007d2200000, 0x00000007d2200000| Untracked 
|1132|0x00000007d2400000, 0x00000007d2400000, 0x00000007d2600000|  0%| F|  |TAMS 0x00000007d2400000, 0x00000007d2400000| Untracked 
|1133|0x00000007d2600000, 0x00000007d2600000, 0x00000007d2800000|  0%| F|  |TAMS 0x00000007d2600000, 0x00000007d2600000| Untracked 
|1134|0x00000007d2800000, 0x00000007d2800000, 0x00000007d2a00000|  0%| F|  |TAMS 0x00000007d2800000, 0x00000007d2800000| Untracked 
|1135|0x00000007d2a00000, 0x00000007d2a00000, 0x00000007d2c00000|  0%| F|  |TAMS 0x00000007d2a00000, 0x00000007d2a00000| Untracked 
|1136|0x00000007d2c00000, 0x00000007d2c00000, 0x00000007d2e00000|  0%| F|  |TAMS 0x00000007d2c00000, 0x00000007d2c00000| Untracked 
|1137|0x00000007d2e00000, 0x00000007d2e00000, 0x00000007d3000000|  0%| F|  |TAMS 0x00000007d2e00000, 0x00000007d2e00000| Untracked 
|1138|0x00000007d3000000, 0x00000007d3000000, 0x00000007d3200000|  0%| F|  |TAMS 0x00000007d3000000, 0x00000007d3000000| Untracked 
|1139|0x00000007d3200000, 0x00000007d3200000, 0x00000007d3400000|  0%| F|  |TAMS 0x00000007d3200000, 0x00000007d3200000| Untracked 
|1140|0x00000007d3400000, 0x00000007d3400000, 0x00000007d3600000|  0%| F|  |TAMS 0x00000007d3400000, 0x00000007d3400000| Untracked 
|1141|0x00000007d3600000, 0x00000007d3600000, 0x00000007d3800000|  0%| F|  |TAMS 0x00000007d3600000, 0x00000007d3600000| Untracked 
|1142|0x00000007d3800000, 0x00000007d3800000, 0x00000007d3a00000|  0%| F|  |TAMS 0x00000007d3800000, 0x00000007d3800000| Untracked 
|1143|0x00000007d3a00000, 0x00000007d3a00000, 0x00000007d3c00000|  0%| F|  |TAMS 0x00000007d3a00000, 0x00000007d3a00000| Untracked 
|1144|0x00000007d3c00000, 0x00000007d3c00000, 0x00000007d3e00000|  0%| F|  |TAMS 0x00000007d3c00000, 0x00000007d3c00000| Untracked 
|1145|0x00000007d3e00000, 0x00000007d3e00000, 0x00000007d4000000|  0%| F|  |TAMS 0x00000007d3e00000, 0x00000007d3e00000| Untracked 
|1146|0x00000007d4000000, 0x00000007d4000000, 0x00000007d4200000|  0%| F|  |TAMS 0x00000007d4000000, 0x00000007d4000000| Untracked 
|1147|0x00000007d4200000, 0x00000007d4200000, 0x00000007d4400000|  0%| F|  |TAMS 0x00000007d4200000, 0x00000007d4200000| Untracked 
|1148|0x00000007d4400000, 0x00000007d4400000, 0x00000007d4600000|  0%| F|  |TAMS 0x00000007d4400000, 0x00000007d4400000| Untracked 
|1149|0x00000007d4600000, 0x00000007d4600000, 0x00000007d4800000|  0%| F|  |TAMS 0x00000007d4600000, 0x00000007d4600000| Untracked 
|1150|0x00000007d4800000, 0x00000007d4800000, 0x00000007d4a00000|  0%| F|  |TAMS 0x00000007d4800000, 0x00000007d4800000| Untracked 
|1151|0x00000007d4a00000, 0x00000007d4a00000, 0x00000007d4c00000|  0%| F|  |TAMS 0x00000007d4a00000, 0x00000007d4a00000| Untracked 
|1152|0x00000007d4c00000, 0x00000007d4c00000, 0x00000007d4e00000|  0%| F|  |TAMS 0x00000007d4c00000, 0x00000007d4c00000| Untracked 
|1153|0x00000007d4e00000, 0x00000007d4e00000, 0x00000007d5000000|  0%| F|  |TAMS 0x00000007d4e00000, 0x00000007d4e00000| Untracked 
|1154|0x00000007d5000000, 0x00000007d5000000, 0x00000007d5200000|  0%| F|  |TAMS 0x00000007d5000000, 0x00000007d5000000| Untracked 
|1155|0x00000007d5200000, 0x00000007d5200000, 0x00000007d5400000|  0%| F|  |TAMS 0x00000007d5200000, 0x00000007d5200000| Untracked 
|1156|0x00000007d5400000, 0x00000007d5400000, 0x00000007d5600000|  0%| F|  |TAMS 0x00000007d5400000, 0x00000007d5400000| Untracked 
|1157|0x00000007d5600000, 0x00000007d5600000, 0x00000007d5800000|  0%| F|  |TAMS 0x00000007d5600000, 0x00000007d5600000| Untracked 
|1158|0x00000007d5800000, 0x00000007d5800000, 0x00000007d5a00000|  0%| F|  |TAMS 0x00000007d5800000, 0x00000007d5800000| Untracked 
|1159|0x00000007d5a00000, 0x00000007d5a00000, 0x00000007d5c00000|  0%| F|  |TAMS 0x00000007d5a00000, 0x00000007d5a00000| Untracked 
|1160|0x00000007d5c00000, 0x00000007d5c00000, 0x00000007d5e00000|  0%| F|  |TAMS 0x00000007d5c00000, 0x00000007d5c00000| Untracked 
|1161|0x00000007d5e00000, 0x00000007d5e00000, 0x00000007d6000000|  0%| F|  |TAMS 0x00000007d5e00000, 0x00000007d5e00000| Untracked 
|1162|0x00000007d6000000, 0x00000007d6000000, 0x00000007d6200000|  0%| F|  |TAMS 0x00000007d6000000, 0x00000007d6000000| Untracked 
|1163|0x00000007d6200000, 0x00000007d6200000, 0x00000007d6400000|  0%| F|  |TAMS 0x00000007d6200000, 0x00000007d6200000| Untracked 
|1164|0x00000007d6400000, 0x00000007d6400000, 0x00000007d6600000|  0%| F|  |TAMS 0x00000007d6400000, 0x00000007d6400000| Untracked 
|1165|0x00000007d6600000, 0x00000007d6600000, 0x00000007d6800000|  0%| F|  |TAMS 0x00000007d6600000, 0x00000007d6600000| Untracked 
|1166|0x00000007d6800000, 0x00000007d6800000, 0x00000007d6a00000|  0%| F|  |TAMS 0x00000007d6800000, 0x00000007d6800000| Untracked 
|1167|0x00000007d6a00000, 0x00000007d6a00000, 0x00000007d6c00000|  0%| F|  |TAMS 0x00000007d6a00000, 0x00000007d6a00000| Untracked 
|1168|0x00000007d6c00000, 0x00000007d6c00000, 0x00000007d6e00000|  0%| F|  |TAMS 0x00000007d6c00000, 0x00000007d6c00000| Untracked 
|1169|0x00000007d6e00000, 0x00000007d6e00000, 0x00000007d7000000|  0%| F|  |TAMS 0x00000007d6e00000, 0x00000007d6e00000| Untracked 
|1170|0x00000007d7000000, 0x00000007d7000000, 0x00000007d7200000|  0%| F|  |TAMS 0x00000007d7000000, 0x00000007d7000000| Untracked 
|1171|0x00000007d7200000, 0x00000007d7200000, 0x00000007d7400000|  0%| F|  |TAMS 0x00000007d7200000, 0x00000007d7200000| Untracked 
|1172|0x00000007d7400000, 0x00000007d7400000, 0x00000007d7600000|  0%| F|  |TAMS 0x00000007d7400000, 0x00000007d7400000| Untracked 
|1173|0x00000007d7600000, 0x00000007d7600000, 0x00000007d7800000|  0%| F|  |TAMS 0x00000007d7600000, 0x00000007d7600000| Untracked 
|1174|0x00000007d7800000, 0x00000007d7800000, 0x00000007d7a00000|  0%| F|  |TAMS 0x00000007d7800000, 0x00000007d7800000| Untracked 
|1175|0x00000007d7a00000, 0x00000007d7a00000, 0x00000007d7c00000|  0%| F|  |TAMS 0x00000007d7a00000, 0x00000007d7a00000| Untracked 
|1176|0x00000007d7c00000, 0x00000007d7c00000, 0x00000007d7e00000|  0%| F|  |TAMS 0x00000007d7c00000, 0x00000007d7c00000| Untracked 
|1177|0x00000007d7e00000, 0x00000007d7e00000, 0x00000007d8000000|  0%| F|  |TAMS 0x00000007d7e00000, 0x00000007d7e00000| Untracked 
|1178|0x00000007d8000000, 0x00000007d8000000, 0x00000007d8200000|  0%| F|  |TAMS 0x00000007d8000000, 0x00000007d8000000| Untracked 
|1179|0x00000007d8200000, 0x00000007d8200000, 0x00000007d8400000|  0%| F|  |TAMS 0x00000007d8200000, 0x00000007d8200000| Untracked 
|1180|0x00000007d8400000, 0x00000007d8400000, 0x00000007d8600000|  0%| F|  |TAMS 0x00000007d8400000, 0x00000007d8400000| Untracked 
|1181|0x00000007d8600000, 0x00000007d8600000, 0x00000007d8800000|  0%| F|  |TAMS 0x00000007d8600000, 0x00000007d8600000| Untracked 
|1182|0x00000007d8800000, 0x00000007d8800000, 0x00000007d8a00000|  0%| F|  |TAMS 0x00000007d8800000, 0x00000007d8800000| Untracked 
|1183|0x00000007d8a00000, 0x00000007d8a00000, 0x00000007d8c00000|  0%| F|  |TAMS 0x00000007d8a00000, 0x00000007d8a00000| Untracked 
|1184|0x00000007d8c00000, 0x00000007d8c00000, 0x00000007d8e00000|  0%| F|  |TAMS 0x00000007d8c00000, 0x00000007d8c00000| Untracked 
|1185|0x00000007d8e00000, 0x00000007d8e00000, 0x00000007d9000000|  0%| F|  |TAMS 0x00000007d8e00000, 0x00000007d8e00000| Untracked 
|1186|0x00000007d9000000, 0x00000007d9000000, 0x00000007d9200000|  0%| F|  |TAMS 0x00000007d9000000, 0x00000007d9000000| Untracked 
|1187|0x00000007d9200000, 0x00000007d9200000, 0x00000007d9400000|  0%| F|  |TAMS 0x00000007d9200000, 0x00000007d9200000| Untracked 
|1188|0x00000007d9400000, 0x00000007d9400000, 0x00000007d9600000|  0%| F|  |TAMS 0x00000007d9400000, 0x00000007d9400000| Untracked 
|1189|0x00000007d9600000, 0x00000007d9600000, 0x00000007d9800000|  0%| F|  |TAMS 0x00000007d9600000, 0x00000007d9600000| Untracked 
|1190|0x00000007d9800000, 0x00000007d9800000, 0x00000007d9a00000|  0%| F|  |TAMS 0x00000007d9800000, 0x00000007d9800000| Untracked 
|1191|0x00000007d9a00000, 0x00000007d9a00000, 0x00000007d9c00000|  0%| F|  |TAMS 0x00000007d9a00000, 0x00000007d9a00000| Untracked 
|1192|0x00000007d9c00000, 0x00000007d9c00000, 0x00000007d9e00000|  0%| F|  |TAMS 0x00000007d9c00000, 0x00000007d9c00000| Untracked 
|1193|0x00000007d9e00000, 0x00000007d9e00000, 0x00000007da000000|  0%| F|  |TAMS 0x00000007d9e00000, 0x00000007d9e00000| Untracked 
|1194|0x00000007da000000, 0x00000007da000000, 0x00000007da200000|  0%| F|  |TAMS 0x00000007da000000, 0x00000007da000000| Untracked 
|1195|0x00000007da200000, 0x00000007da200000, 0x00000007da400000|  0%| F|  |TAMS 0x00000007da200000, 0x00000007da200000| Untracked 
|1196|0x00000007da400000, 0x00000007da400000, 0x00000007da600000|  0%| F|  |TAMS 0x00000007da400000, 0x00000007da400000| Untracked 
|1197|0x00000007da600000, 0x00000007da600000, 0x00000007da800000|  0%| F|  |TAMS 0x00000007da600000, 0x00000007da600000| Untracked 
|1198|0x00000007da800000, 0x00000007da800000, 0x00000007daa00000|  0%| F|  |TAMS 0x00000007da800000, 0x00000007da800000| Untracked 
|1199|0x00000007daa00000, 0x00000007daa00000, 0x00000007dac00000|  0%| F|  |TAMS 0x00000007daa00000, 0x00000007daa00000| Untracked 
|1200|0x00000007dac00000, 0x00000007dac00000, 0x00000007dae00000|  0%| F|  |TAMS 0x00000007dac00000, 0x00000007dac00000| Untracked 
|1201|0x00000007dae00000, 0x00000007dae00000, 0x00000007db000000|  0%| F|  |TAMS 0x00000007dae00000, 0x00000007dae00000| Untracked 
|1202|0x00000007db000000, 0x00000007db000000, 0x00000007db200000|  0%| F|  |TAMS 0x00000007db000000, 0x00000007db000000| Untracked 
|1203|0x00000007db200000, 0x00000007db200000, 0x00000007db400000|  0%| F|  |TAMS 0x00000007db200000, 0x00000007db200000| Untracked 
|1204|0x00000007db400000, 0x00000007db400000, 0x00000007db600000|  0%| F|  |TAMS 0x00000007db400000, 0x00000007db400000| Untracked 
|1205|0x00000007db600000, 0x00000007db600000, 0x00000007db800000|  0%| F|  |TAMS 0x00000007db600000, 0x00000007db600000| Untracked 
|1206|0x00000007db800000, 0x00000007db800000, 0x00000007dba00000|  0%| F|  |TAMS 0x00000007db800000, 0x00000007db800000| Untracked 
|1207|0x00000007dba00000, 0x00000007dba00000, 0x00000007dbc00000|  0%| F|  |TAMS 0x00000007dba00000, 0x00000007dba00000| Untracked 
|1208|0x00000007dbc00000, 0x00000007dbc00000, 0x00000007dbe00000|  0%| F|  |TAMS 0x00000007dbc00000, 0x00000007dbc00000| Untracked 
|1209|0x00000007dbe00000, 0x00000007dbe00000, 0x00000007dc000000|  0%| F|  |TAMS 0x00000007dbe00000, 0x00000007dbe00000| Untracked 
|1210|0x00000007dc000000, 0x00000007dc000000, 0x00000007dc200000|  0%| F|  |TAMS 0x00000007dc000000, 0x00000007dc000000| Untracked 
|1211|0x00000007dc200000, 0x00000007dc200000, 0x00000007dc400000|  0%| F|  |TAMS 0x00000007dc200000, 0x00000007dc200000| Untracked 
|1212|0x00000007dc400000, 0x00000007dc400000, 0x00000007dc600000|  0%| F|  |TAMS 0x00000007dc400000, 0x00000007dc400000| Untracked 
|1213|0x00000007dc600000, 0x00000007dc600000, 0x00000007dc800000|  0%| F|  |TAMS 0x00000007dc600000, 0x00000007dc600000| Untracked 
|1214|0x00000007dc800000, 0x00000007dc800000, 0x00000007dca00000|  0%| F|  |TAMS 0x00000007dc800000, 0x00000007dc800000| Untracked 
|1215|0x00000007dca00000, 0x00000007dca00000, 0x00000007dcc00000|  0%| F|  |TAMS 0x00000007dca00000, 0x00000007dca00000| Untracked 
|1216|0x00000007dcc00000, 0x00000007dcc00000, 0x00000007dce00000|  0%| F|  |TAMS 0x00000007dcc00000, 0x00000007dcc00000| Untracked 
|1217|0x00000007dce00000, 0x00000007dce00000, 0x00000007dd000000|  0%| F|  |TAMS 0x00000007dce00000, 0x00000007dce00000| Untracked 
|1218|0x00000007dd000000, 0x00000007dd000000, 0x00000007dd200000|  0%| F|  |TAMS 0x00000007dd000000, 0x00000007dd000000| Untracked 
|1219|0x00000007dd200000, 0x00000007dd200000, 0x00000007dd400000|  0%| F|  |TAMS 0x00000007dd200000, 0x00000007dd200000| Untracked 
|1220|0x00000007dd400000, 0x00000007dd400000, 0x00000007dd600000|  0%| F|  |TAMS 0x00000007dd400000, 0x00000007dd400000| Untracked 
|1221|0x00000007dd600000, 0x00000007dd600000, 0x00000007dd800000|  0%| F|  |TAMS 0x00000007dd600000, 0x00000007dd600000| Untracked 
|1222|0x00000007dd800000, 0x00000007dd800000, 0x00000007dda00000|  0%| F|  |TAMS 0x00000007dd800000, 0x00000007dd800000| Untracked 
|1223|0x00000007dda00000, 0x00000007dda00000, 0x00000007ddc00000|  0%| F|  |TAMS 0x00000007dda00000, 0x00000007dda00000| Untracked 
|1224|0x00000007ddc00000, 0x00000007ddc00000, 0x00000007dde00000|  0%| F|  |TAMS 0x00000007ddc00000, 0x00000007ddc00000| Untracked 
|1225|0x00000007dde00000, 0x00000007dde00000, 0x00000007de000000|  0%| F|  |TAMS 0x00000007dde00000, 0x00000007dde00000| Untracked 
|1226|0x00000007de000000, 0x00000007de000000, 0x00000007de200000|  0%| F|  |TAMS 0x00000007de000000, 0x00000007de000000| Untracked 
|1227|0x00000007de200000, 0x00000007de200000, 0x00000007de400000|  0%| F|  |TAMS 0x00000007de200000, 0x00000007de200000| Untracked 
|1228|0x00000007de400000, 0x00000007de400000, 0x00000007de600000|  0%| F|  |TAMS 0x00000007de400000, 0x00000007de400000| Untracked 
|1229|0x00000007de600000, 0x00000007de600000, 0x00000007de800000|  0%| F|  |TAMS 0x00000007de600000, 0x00000007de600000| Untracked 
|1230|0x00000007de800000, 0x00000007de800000, 0x00000007dea00000|  0%| F|  |TAMS 0x00000007de800000, 0x00000007de800000| Untracked 
|1231|0x00000007dea00000, 0x00000007dea00000, 0x00000007dec00000|  0%| F|  |TAMS 0x00000007dea00000, 0x00000007dea00000| Untracked 
|1232|0x00000007dec00000, 0x00000007dec00000, 0x00000007dee00000|  0%| F|  |TAMS 0x00000007dec00000, 0x00000007dec00000| Untracked 
|1233|0x00000007dee00000, 0x00000007dee00000, 0x00000007df000000|  0%| F|  |TAMS 0x00000007dee00000, 0x00000007dee00000| Untracked 
|1234|0x00000007df000000, 0x00000007df000000, 0x00000007df200000|  0%| F|  |TAMS 0x00000007df000000, 0x00000007df000000| Untracked 
|1235|0x00000007df200000, 0x00000007df200000, 0x00000007df400000|  0%| F|  |TAMS 0x00000007df200000, 0x00000007df200000| Untracked 
|1236|0x00000007df400000, 0x00000007df400000, 0x00000007df600000|  0%| F|  |TAMS 0x00000007df400000, 0x00000007df400000| Untracked 
|1237|0x00000007df600000, 0x00000007df600000, 0x00000007df800000|  0%| F|  |TAMS 0x00000007df600000, 0x00000007df600000| Untracked 
|1238|0x00000007df800000, 0x00000007df800000, 0x00000007dfa00000|  0%| F|  |TAMS 0x00000007df800000, 0x00000007df800000| Untracked 
|1239|0x00000007dfa00000, 0x00000007dfa00000, 0x00000007dfc00000|  0%| F|  |TAMS 0x00000007dfa00000, 0x00000007dfa00000| Untracked 
|1240|0x00000007dfc00000, 0x00000007dfc00000, 0x00000007dfe00000|  0%| F|  |TAMS 0x00000007dfc00000, 0x00000007dfc00000| Untracked 
|1241|0x00000007dfe00000, 0x00000007dfe00000, 0x00000007e0000000|  0%| F|  |TAMS 0x00000007dfe00000, 0x00000007dfe00000| Untracked 
|1242|0x00000007e0000000, 0x00000007e0000000, 0x00000007e0200000|  0%| F|  |TAMS 0x00000007e0000000, 0x00000007e0000000| Untracked 
|1243|0x00000007e0200000, 0x00000007e0200000, 0x00000007e0400000|  0%| F|  |TAMS 0x00000007e0200000, 0x00000007e0200000| Untracked 
|1244|0x00000007e0400000, 0x00000007e0400000, 0x00000007e0600000|  0%| F|  |TAMS 0x00000007e0400000, 0x00000007e0400000| Untracked 
|1245|0x00000007e0600000, 0x00000007e0600000, 0x00000007e0800000|  0%| F|  |TAMS 0x00000007e0600000, 0x00000007e0600000| Untracked 
|1246|0x00000007e0800000, 0x00000007e0800000, 0x00000007e0a00000|  0%| F|  |TAMS 0x00000007e0800000, 0x00000007e0800000| Untracked 
|1247|0x00000007e0a00000, 0x00000007e0a00000, 0x00000007e0c00000|  0%| F|  |TAMS 0x00000007e0a00000, 0x00000007e0a00000| Untracked 
|1248|0x00000007e0c00000, 0x00000007e0c00000, 0x00000007e0e00000|  0%| F|  |TAMS 0x00000007e0c00000, 0x00000007e0c00000| Untracked 
|1249|0x00000007e0e00000, 0x00000007e0e00000, 0x00000007e1000000|  0%| F|  |TAMS 0x00000007e0e00000, 0x00000007e0e00000| Untracked 
|1250|0x00000007e1000000, 0x00000007e1000000, 0x00000007e1200000|  0%| F|  |TAMS 0x00000007e1000000, 0x00000007e1000000| Untracked 
|1251|0x00000007e1200000, 0x00000007e1200000, 0x00000007e1400000|  0%| F|  |TAMS 0x00000007e1200000, 0x00000007e1200000| Untracked 
|1252|0x00000007e1400000, 0x00000007e1400000, 0x00000007e1600000|  0%| F|  |TAMS 0x00000007e1400000, 0x00000007e1400000| Untracked 
|1253|0x00000007e1600000, 0x00000007e1600000, 0x00000007e1800000|  0%| F|  |TAMS 0x00000007e1600000, 0x00000007e1600000| Untracked 
|1254|0x00000007e1800000, 0x00000007e1800000, 0x00000007e1a00000|  0%| F|  |TAMS 0x00000007e1800000, 0x00000007e1800000| Untracked 
|1255|0x00000007e1a00000, 0x00000007e1a00000, 0x00000007e1c00000|  0%| F|  |TAMS 0x00000007e1a00000, 0x00000007e1a00000| Untracked 
|1256|0x00000007e1c00000, 0x00000007e1c00000, 0x00000007e1e00000|  0%| F|  |TAMS 0x00000007e1c00000, 0x00000007e1c00000| Untracked 
|1257|0x00000007e1e00000, 0x00000007e1e00000, 0x00000007e2000000|  0%| F|  |TAMS 0x00000007e1e00000, 0x00000007e1e00000| Untracked 
|1258|0x00000007e2000000, 0x00000007e2000000, 0x00000007e2200000|  0%| F|  |TAMS 0x00000007e2000000, 0x00000007e2000000| Untracked 
|1259|0x00000007e2200000, 0x00000007e2200000, 0x00000007e2400000|  0%| F|  |TAMS 0x00000007e2200000, 0x00000007e2200000| Untracked 
|1260|0x00000007e2400000, 0x00000007e2400000, 0x00000007e2600000|  0%| F|  |TAMS 0x00000007e2400000, 0x00000007e2400000| Untracked 
|1261|0x00000007e2600000, 0x00000007e2600000, 0x00000007e2800000|  0%| F|  |TAMS 0x00000007e2600000, 0x00000007e2600000| Untracked 
|1262|0x00000007e2800000, 0x00000007e2800000, 0x00000007e2a00000|  0%| F|  |TAMS 0x00000007e2800000, 0x00000007e2800000| Untracked 
|1263|0x00000007e2a00000, 0x00000007e2a00000, 0x00000007e2c00000|  0%| F|  |TAMS 0x00000007e2a00000, 0x00000007e2a00000| Untracked 
|1264|0x00000007e2c00000, 0x00000007e2c00000, 0x00000007e2e00000|  0%| F|  |TAMS 0x00000007e2c00000, 0x00000007e2c00000| Untracked 
|1265|0x00000007e2e00000, 0x00000007e2e00000, 0x00000007e3000000|  0%| F|  |TAMS 0x00000007e2e00000, 0x00000007e2e00000| Untracked 
|1266|0x00000007e3000000, 0x00000007e3000000, 0x00000007e3200000|  0%| F|  |TAMS 0x00000007e3000000, 0x00000007e3000000| Untracked 
|1267|0x00000007e3200000, 0x00000007e3200000, 0x00000007e3400000|  0%| F|  |TAMS 0x00000007e3200000, 0x00000007e3200000| Untracked 
|1268|0x00000007e3400000, 0x00000007e3400000, 0x00000007e3600000|  0%| F|  |TAMS 0x00000007e3400000, 0x00000007e3400000| Untracked 
|1269|0x00000007e3600000, 0x00000007e3600000, 0x00000007e3800000|  0%| F|  |TAMS 0x00000007e3600000, 0x00000007e3600000| Untracked 
|1270|0x00000007e3800000, 0x00000007e3800000, 0x00000007e3a00000|  0%| F|  |TAMS 0x00000007e3800000, 0x00000007e3800000| Untracked 
|1271|0x00000007e3a00000, 0x00000007e3a00000, 0x00000007e3c00000|  0%| F|  |TAMS 0x00000007e3a00000, 0x00000007e3a00000| Untracked 
|1272|0x00000007e3c00000, 0x00000007e3c00000, 0x00000007e3e00000|  0%| F|  |TAMS 0x00000007e3c00000, 0x00000007e3c00000| Untracked 
|1273|0x00000007e3e00000, 0x00000007e3e00000, 0x00000007e4000000|  0%| F|  |TAMS 0x00000007e3e00000, 0x00000007e3e00000| Untracked 
|1274|0x00000007e4000000, 0x00000007e4000000, 0x00000007e4200000|  0%| F|  |TAMS 0x00000007e4000000, 0x00000007e4000000| Untracked 
|1275|0x00000007e4200000, 0x00000007e4200000, 0x00000007e4400000|  0%| F|  |TAMS 0x00000007e4200000, 0x00000007e4200000| Untracked 

Card table byte_map: [0x00000296e7b90000,0x00000296e8170000] _byte_map_base: 0x00000296e416a000

Marking Bits (Prev, Next): (CMBitMap*) 0x00000296d4c2b9a0, (CMBitMap*) 0x00000296d4c2b960
 Prev Bits: [0x00000296eb620000, 0x00000296ee4f0000)
 Next Bits: [0x00000296e8750000, 0x00000296eb620000)

Polling page: 0x00000296d2a60000

Metaspace:

Usage:
  Non-class:     43.86 MB used.
      Class:      5.45 MB used.
       Both:     49.31 MB used.

Virtual space:
  Non-class space:       64.00 MB reserved,      44.06 MB ( 69%) committed,  1 nodes.
      Class space:        1.00 GB reserved,       5.69 MB ( <1%) committed,  1 nodes.
             Both:        1.06 GB reserved,      49.75 MB (  5%) committed. 

Chunk freelists:
   Non-Class:  3.83 MB
       Class:  10.29 MB
        Both:  14.11 MB

MaxMetaspaceSize: unlimited
CompressedClassSpaceSize: 1.00 GB
Initial GC threshold: 21.00 MB
Current GC threshold: 78.06 MB
CDS: off
MetaspaceReclaimPolicy: balanced
 - commit_granule_bytes: 65536.
 - commit_granule_words: 8192.
 - virtual_space_node_default_size: 8388608.
 - enlarge_chunks_in_place: 1.
 - new_chunks_are_fully_committed: 0.
 - uncommit_free_chunks: 1.
 - use_allocation_guard: 0.
 - handle_deallocations: 1.


Internal statistics:

num_allocs_failed_limit: 6.
num_arena_births: 534.
num_arena_deaths: 0.
num_vsnodes_births: 2.
num_vsnodes_deaths: 0.
num_space_committed: 794.
num_space_uncommitted: 0.
num_chunks_returned_to_freelist: 6.
num_chunks_taken_from_freelist: 1845.
num_chunk_merges: 6.
num_chunk_splits: 1211.
num_chunks_enlarged: 832.
num_inconsistent_stats: 0.

CodeHeap 'non-profiled nmethods': size=120000Kb used=8596Kb max_used=8596Kb free=111403Kb
 bounds [0x00000296dfd50000, 0x00000296e05c0000, 0x00000296e7280000]
CodeHeap 'profiled nmethods': size=120000Kb used=13115Kb max_used=14730Kb free=106884Kb
 bounds [0x00000296d8280000, 0x00000296d9110000, 0x00000296df7b0000]
CodeHeap 'non-nmethods': size=5760Kb used=1350Kb max_used=1444Kb free=4409Kb
 bounds [0x00000296df7b0000, 0x00000296dfa20000, 0x00000296dfd50000]
 total_blobs=7913 nmethods=7247 adapters=578
 compilation: enabled
              stopped_count=0, restarted_count=0
 full_count=0

Compilation events (20 events):
Event: 1560.370 Thread 0x00000296f509b470 10450       4       freemarker.core.Expression::evalToBoolean (7 bytes)
Event: 1560.373 Thread 0x00000296f509b470 nmethod 10450 0x00000296e05ad590 code [0x00000296e05ad740, 0x00000296e05ad988]
Event: 1560.405 Thread 0x00000296f509b470 10451       4       freemarker.ext.beans.BeansWrapper::invokeMethod (36 bytes)
Event: 1560.412 Thread 0x00000296f509b470 nmethod 10451 0x00000296e05adb90 code [0x00000296e05adda0, 0x00000296e05ae480]
Event: 1560.458 Thread 0x00000296f509b470 10452   !   4       freemarker.core.ExistsExpression::_eval (84 bytes)
Event: 1560.460 Thread 0x00000296f509b470 nmethod 10452 0x00000296e05aea90 code [0x00000296e05aec40, 0x00000296e05aee28]
Event: 1560.460 Thread 0x00000296f509b470 10453   !   4       freemarker.core.Environment::visit (136 bytes)
Event: 1560.471 Thread 0x00000296f509b470 nmethod 10453 0x00000296e05aef90 code [0x00000296e05af160, 0x00000296e05afa10]
Event: 1560.471 Thread 0x00000296f509b470 10454       4       java.lang.AbstractStringBuilder::inflate (42 bytes)
Event: 1560.473 Thread 0x00000296f509b470 nmethod 10454 0x00000296e05afe90 code [0x00000296e05b0020, 0x00000296e05b0478]
Event: 1560.473 Thread 0x00000296f509b470 10455       4       freemarker.core.EvalUtil::modelToString (43 bytes)
Event: 1560.516 Thread 0x00000296f509b470 nmethod 10455 0x00000296e05b0590 code [0x00000296e05b0800, 0x00000296e05b27c8]
Event: 1560.516 Thread 0x00000296f509b470 10456   !   4       freemarker.core.EvalUtil::coerceModelToStringOrMarkup (112 bytes)
Event: 1560.518 Thread 0x00000296f509b470 nmethod 10456 0x00000296e05b3710 code [0x00000296e05b38a0, 0x00000296e05b3ac8]
Event: 1560.518 Thread 0x00000296f509b470 10457       4       freemarker.core.EvalUtil::coerceModelToStringOrMarkup (9 bytes)
Event: 1560.520 Thread 0x00000296f509b470 nmethod 10457 0x00000296e05b3c90 code [0x00000296e05b3e20, 0x00000296e05b4028]
Event: 1560.520 Thread 0x00000296f509b470 10459       4       freemarker.core.DollarVariable::accept (228 bytes)
Event: 1560.533 Thread 0x00000296f509b470 nmethod 10459 0x00000296e05b4210 code [0x00000296e05b43e0, 0x00000296e05b4868]
Event: 1560.533 Thread 0x00000296f509b470 10458       4       java.util.Calendar::checkDisplayNameParams (67 bytes)
Event: 1560.534 Thread 0x00000296f509b470 nmethod 10458 0x00000296e05b4d10 code [0x00000296e05b4ea0, 0x00000296e05b5018]

GC Heap History (20 events):
Event: 816.644 GC heap before
{Heap before GC invocations=93 (full 0):
 garbage-first heap   total 2152448K, used 1195187K [0x0000000744c00000, 0x0000000800000000)
  region size 2048K, 75 young (153600K), 7 survivors (14336K)
 Metaspace       used 47606K, committed 47936K, reserved 1114112K
  class space    used 5204K, committed 5376K, reserved 1048576K
}
Event: 816.711 GC heap after
{Heap after GC invocations=94 (full 0):
 garbage-first heap   total 2152448K, used 1123507K [0x0000000744c00000, 0x0000000800000000)
  region size 2048K, 10 young (20480K), 10 survivors (20480K)
 Metaspace       used 47606K, committed 47936K, reserved 1114112K
  class space    used 5204K, committed 5376K, reserved 1048576K
}
Event: 851.451 GC heap before
{Heap before GC invocations=94 (full 0):
 garbage-first heap   total 2152448K, used 1285299K [0x0000000744c00000, 0x0000000800000000)
  region size 2048K, 90 young (184320K), 10 survivors (20480K)
 Metaspace       used 47610K, committed 47936K, reserved 1114112K
  class space    used 5204K, committed 5376K, reserved 1048576K
}
Event: 851.471 GC heap after
{Heap after GC invocations=95 (full 0):
 garbage-first heap   total 2152448K, used 1145394K [0x0000000744c00000, 0x0000000800000000)
  region size 2048K, 9 young (18432K), 9 survivors (18432K)
 Metaspace       used 47610K, committed 47936K, reserved 1114112K
  class space    used 5204K, committed 5376K, reserved 1048576K
}
Event: 927.077 GC heap before
{Heap before GC invocations=95 (full 0):
 garbage-first heap   total 2152448K, used 1382962K [0x0000000744c00000, 0x0000000800000000)
  region size 2048K, 126 young (258048K), 9 survivors (18432K)
 Metaspace       used 47649K, committed 48000K, reserved 1114112K
  class space    used 5207K, committed 5376K, reserved 1048576K
}
Event: 927.089 GC heap after
{Heap after GC invocations=96 (full 0):
 garbage-first heap   total 2152448K, used 1155114K [0x0000000744c00000, 0x0000000800000000)
  region size 2048K, 14 young (28672K), 14 survivors (28672K)
 Metaspace       used 47649K, committed 48000K, reserved 1114112K
  class space    used 5207K, committed 5376K, reserved 1048576K
}
Event: 1052.970 GC heap before
{Heap before GC invocations=96 (full 0):
 garbage-first heap   total 2152448K, used 1480746K [0x0000000744c00000, 0x0000000800000000)
  region size 2048K, 174 young (356352K), 14 survivors (28672K)
 Metaspace       used 47693K, committed 48000K, reserved 1114112K
  class space    used 5212K, committed 5376K, reserved 1048576K
}
Event: 1052.978 GC heap after
{Heap after GC invocations=97 (full 0):
 garbage-first heap   total 2152448K, used 1170443K [0x0000000744c00000, 0x0000000800000000)
  region size 2048K, 13 young (26624K), 13 survivors (26624K)
 Metaspace       used 47693K, committed 48000K, reserved 1114112K
  class space    used 5212K, committed 5376K, reserved 1048576K
}
Event: 1199.331 GC heap before
{Heap before GC invocations=97 (full 0):
 garbage-first heap   total 2152448K, used 1577995K [0x0000000744c00000, 0x0000000800000000)
  region size 2048K, 213 young (436224K), 13 survivors (26624K)
 Metaspace       used 47698K, committed 48000K, reserved 1114112K
  class space    used 5212K, committed 5376K, reserved 1048576K
}
Event: 1199.344 GC heap after
{Heap after GC invocations=98 (full 0):
 garbage-first heap   total 2152448K, used 1192935K [0x0000000744c00000, 0x0000000800000000)
  region size 2048K, 24 young (49152K), 24 survivors (49152K)
 Metaspace       used 47698K, committed 48000K, reserved 1114112K
  class space    used 5212K, committed 5376K, reserved 1048576K
}
Event: 1331.234 GC heap before
{Heap before GC invocations=98 (full 0):
 garbage-first heap   total 2152448K, used 1625063K [0x0000000744c00000, 0x0000000800000000)
  region size 2048K, 236 young (483328K), 24 survivors (49152K)
 Metaspace       used 47759K, committed 48128K, reserved 1114112K
  class space    used 5221K, committed 5376K, reserved 1048576K
}
Event: 1331.260 GC heap after
{Heap after GC invocations=99 (full 0):
 garbage-first heap   total 2152448K, used 1207969K [0x0000000744c00000, 0x0000000800000000)
  region size 2048K, 19 young (38912K), 19 survivors (38912K)
 Metaspace       used 47759K, committed 48128K, reserved 1114112K
  class space    used 5221K, committed 5376K, reserved 1048576K
}
Event: 1488.169 GC heap before
{Heap before GC invocations=99 (full 0):
 garbage-first heap   total 2152448K, used 1681057K [0x0000000744c00000, 0x0000000800000000)
  region size 2048K, 251 young (514048K), 19 survivors (38912K)
 Metaspace       used 47815K, committed 48192K, reserved 1114112K
  class space    used 5229K, committed 5440K, reserved 1048576K
}
Event: 1488.202 GC heap after
{Heap after GC invocations=100 (full 0):
 garbage-first heap   total 2152448K, used 1224386K [0x0000000744c00000, 0x0000000800000000)
  region size 2048K, 16 young (32768K), 16 survivors (32768K)
 Metaspace       used 47815K, committed 48192K, reserved 1114112K
  class space    used 5229K, committed 5440K, reserved 1048576K
}
Event: 1559.790 GC heap before
{Heap before GC invocations=100 (full 0):
 garbage-first heap   total 2152448K, used 1578690K [0x0000000744c00000, 0x0000000800000000)
  region size 2048K, 120 young (245760K), 16 survivors (32768K)
 Metaspace       used 50474K, committed 50944K, reserved 1114112K
  class space    used 5584K, committed 5824K, reserved 1048576K
}
Event: 1559.805 GC heap after
{Heap after GC invocations=101 (full 0):
 garbage-first heap   total 2152448K, used 1305289K [0x0000000744c00000, 0x0000000800000000)
  region size 2048K, 21 young (43008K), 21 survivors (43008K)
 Metaspace       used 50474K, committed 50944K, reserved 1114112K
  class space    used 5584K, committed 5824K, reserved 1048576K
}
Event: 1560.132 GC heap before
{Heap before GC invocations=101 (full 0):
 garbage-first heap   total 2152448K, used 1444553K [0x0000000744c00000, 0x0000000800000000)
  region size 2048K, 22 young (45056K), 21 survivors (43008K)
 Metaspace       used 50495K, committed 50944K, reserved 1114112K
  class space    used 5584K, committed 5824K, reserved 1048576K
}
Event: 1560.144 GC heap after
{Heap after GC invocations=102 (full 0):
 garbage-first heap   total 2152448K, used 1374891K [0x0000000744c00000, 0x0000000800000000)
  region size 2048K, 14 young (28672K), 14 survivors (28672K)
 Metaspace       used 50495K, committed 50944K, reserved 1114112K
  class space    used 5584K, committed 5824K, reserved 1048576K
}
Event: 1560.521 GC heap before
{Heap before GC invocations=102 (full 0):
 garbage-first heap   total 2152448K, used 1653419K [0x0000000744c00000, 0x0000000800000000)
  region size 2048K, 15 young (30720K), 14 survivors (28672K)
 Metaspace       used 50495K, committed 50944K, reserved 1114112K
  class space    used 5584K, committed 5824K, reserved 1048576K
}
Event: 1560.529 GC heap after
{Heap after GC invocations=103 (full 0):
 garbage-first heap   total 2152448K, used 1514253K [0x0000000744c00000, 0x0000000800000000)
  region size 2048K, 14 young (28672K), 14 survivors (28672K)
 Metaspace       used 50495K, committed 50944K, reserved 1114112K
  class space    used 5584K, committed 5824K, reserved 1048576K
}

Dll operation events (10 events):
Event: 0.015 Loaded shared library C:\Users\RBT\.p2\pool\plugins\org.eclipse.justj.openjdk.hotspot.jre.full.win32.x86_64_17.0.11.v20240426-1830\jre\bin\java.dll
Event: 0.336 Loaded shared library C:\Users\RBT\.p2\pool\plugins\org.eclipse.justj.openjdk.hotspot.jre.full.win32.x86_64_17.0.11.v20240426-1830\jre\bin\net.dll
Event: 0.339 Loaded shared library C:\Users\RBT\.p2\pool\plugins\org.eclipse.justj.openjdk.hotspot.jre.full.win32.x86_64_17.0.11.v20240426-1830\jre\bin\nio.dll
Event: 0.349 Loaded shared library C:\Users\RBT\.p2\pool\plugins\org.eclipse.justj.openjdk.hotspot.jre.full.win32.x86_64_17.0.11.v20240426-1830\jre\bin\zip.dll
Event: 0.501 Loaded shared library C:\Users\RBT\.p2\pool\plugins\org.eclipse.justj.openjdk.hotspot.jre.full.win32.x86_64_17.0.11.v20240426-1830\jre\bin\jimage.dll
Event: 0.902 Loaded shared library C:\Users\RBT\.p2\pool\plugins\org.eclipse.justj.openjdk.hotspot.jre.full.win32.x86_64_17.0.11.v20240426-1830\jre\bin\extnet.dll
Event: 0.930 Loaded shared library C:\Users\RBT\.p2\pool\plugins\org.eclipse.justj.openjdk.hotspot.jre.full.win32.x86_64_17.0.11.v20240426-1830\jre\bin\verify.dll
Event: 6.429 Loaded shared library C:\Users\RBT\.p2\pool\plugins\org.eclipse.justj.openjdk.hotspot.jre.full.win32.x86_64_17.0.11.v20240426-1830\jre\bin\awt.dll
Event: 6.504 Loaded shared library C:\Users\RBT\.p2\pool\plugins\org.eclipse.justj.openjdk.hotspot.jre.full.win32.x86_64_17.0.11.v20240426-1830\jre\bin\javajpeg.dll
Event: 12.989 Loaded shared library C:\Users\RBT\.p2\pool\plugins\org.eclipse.justj.openjdk.hotspot.jre.full.win32.x86_64_17.0.11.v20240426-1830\jre\bin\sunmscapi.dll

Deoptimization events (20 events):
Event: 1559.765 Thread 0x00000296d4bd0fb0 DEOPT PACKING pc=0x00000296e0593bf8 sp=0x000000ef125fbe30
Event: 1559.765 Thread 0x00000296d4bd0fb0 DEOPT UNPACKING pc=0x00000296df80a1a3 sp=0x000000ef125fbde8 mode 2
Event: 1559.765 Thread 0x00000296d4bd0fb0 Uncommon trap: trap_request=0xffffff45 fr.pc=0x00000296e04d00a0 relative=0x0000000000000680
Event: 1559.765 Thread 0x00000296d4bd0fb0 Uncommon trap: reason=unstable_if action=reinterpret pc=0x00000296e04d00a0 method=java.lang.AbstractStringBuilder.appendChars([CII)V @ 10 c2
Event: 1559.765 Thread 0x00000296d4bd0fb0 DEOPT PACKING pc=0x00000296e04d00a0 sp=0x000000ef125fc050
Event: 1559.765 Thread 0x00000296d4bd0fb0 DEOPT UNPACKING pc=0x00000296df80a1a3 sp=0x000000ef125fbf78 mode 2
Event: 1559.765 Thread 0x00000296d4bd0fb0 Uncommon trap: trap_request=0xffffff45 fr.pc=0x00000296e04cf6fc relative=0x000000000000027c
Event: 1559.765 Thread 0x00000296d4bd0fb0 Uncommon trap: reason=unstable_if action=reinterpret pc=0x00000296e04cf6fc method=java.lang.AbstractStringBuilder.appendChars([CII)V @ 10 c2
Event: 1559.765 Thread 0x00000296d4bd0fb0 DEOPT PACKING pc=0x00000296e04cf6fc sp=0x000000ef125fbfd0
Event: 1559.765 Thread 0x00000296d4bd0fb0 DEOPT UNPACKING pc=0x00000296df80a1a3 sp=0x000000ef125fbf68 mode 2
Event: 1559.929 Thread 0x00000296d4bd0fb0 Uncommon trap: trap_request=0xffffff6e fr.pc=0x00000296e05953c4 relative=0x00000000000010a4
Event: 1559.929 Thread 0x00000296d4bd0fb0 Uncommon trap: reason=loop_limit_check action=maybe_recompile pc=0x00000296e05953c4 method=freemarker.core.Environment.getNullableLocalVariable(Ljava/lang/String;)Lfreemarker/template/TemplateModel; @ 18 c2
Event: 1559.929 Thread 0x00000296d4bd0fb0 DEOPT PACKING pc=0x00000296e05953c4 sp=0x000000ef125fbca0
Event: 1559.929 Thread 0x00000296d4bd0fb0 DEOPT UNPACKING pc=0x00000296df80a1a3 sp=0x000000ef125fbc48 mode 2
Event: 1560.038 Thread 0x00000296d4bd0fb0 DEOPT PACKING pc=0x00000296d8ca2629 sp=0x000000ef125fbf40
Event: 1560.038 Thread 0x00000296d4bd0fb0 DEOPT UNPACKING pc=0x00000296df80ace3 sp=0x000000ef125fb3a0 mode 0
Event: 1560.053 Thread 0x00000296d4bd0fb0 DEOPT PACKING pc=0x00000296d8d99f93 sp=0x000000ef125fbf00
Event: 1560.053 Thread 0x00000296d4bd0fb0 DEOPT UNPACKING pc=0x00000296df80ace3 sp=0x000000ef125fb380 mode 0
Event: 1561.553 Thread 0x00000296f6a0f230 DEOPT PACKING pc=0x00000296e045d7a4 sp=0x000000ef146ff1e0
Event: 1561.553 Thread 0x00000296f6a0f230 DEOPT UNPACKING pc=0x00000296df80ace3 sp=0x000000ef146fe698 mode 0

Classes unloaded (0 events):
No events

Classes redefined (0 events):
No events

Internal exceptions (20 events):
Event: 1559.371 Thread 0x00000296d4bd0fb0 Exception <a 'java/lang/ClassNotFoundException'{0x00000007bb721990}: com/aventstack/extentreports/model/TestBeanInfo> (0x00000007bb721990) 
thrown [s\src\hotspot\share\classfile\systemDictionary.cpp, line 256]
Event: 1559.372 Thread 0x00000296d4bd0fb0 Exception <a 'java/lang/ClassNotFoundException'{0x00000007bb729cc8}: com/aventstack/extentreports/model/TestCustomizer> (0x00000007bb729cc8) 
thrown [s\src\hotspot\share\classfile\systemDictionary.cpp, line 256]
Event: 1559.383 Thread 0x00000296d4bd0fb0 Exception <a 'java/lang/ClassNotFoundException'{0x00000007bb7772c8}: com/aventstack/extentreports/model/context/NamedAttributeContextBeanInfo> (0x00000007bb7772c8) 
thrown [s\src\hotspot\share\classfile\systemDictionary.cpp, line 256]
Event: 1559.384 Thread 0x00000296d4bd0fb0 Exception <a 'java/lang/ClassNotFoundException'{0x00000007bb77ff60}: com/aventstack/extentreports/model/context/NamedAttributeContextCustomizer> (0x00000007bb77ff60) 
thrown [s\src\hotspot\share\classfile\systemDictionary.cpp, line 256]
Event: 1559.387 Thread 0x00000296d4bd0fb0 Exception <a 'java/lang/ClassNotFoundException'{0x00000007bb7980e0}: com/aventstack/extentreports/model/AuthorBeanInfo> (0x00000007bb7980e0) 
thrown [s\src\hotspot\share\classfile\systemDictionary.cpp, line 256]
Event: 1559.388 Thread 0x00000296d4bd0fb0 Exception <a 'java/lang/ClassNotFoundException'{0x00000007bb7a0ee0}: com/aventstack/extentreports/model/NamedAttributeBeanInfo> (0x00000007bb7a0ee0) 
thrown [s\src\hotspot\share\classfile\systemDictionary.cpp, line 256]
Event: 1559.388 Thread 0x00000296d4bd0fb0 Exception <a 'java/lang/ClassNotFoundException'{0x00000007bb7a9d48}: com/aventstack/extentreports/model/NamedAttributeCustomizer> (0x00000007bb7a9d48) 
thrown [s\src\hotspot\share\classfile\systemDictionary.cpp, line 256]
Event: 1559.389 Thread 0x00000296d4bd0fb0 Exception <a 'java/lang/ClassNotFoundException'{0x00000007bb7b6468}: com/aventstack/extentreports/model/AuthorCustomizer> (0x00000007bb7b6468) 
thrown [s\src\hotspot\share\classfile\systemDictionary.cpp, line 256]
Event: 1559.391 Thread 0x00000296d4bd0fb0 Exception <a 'java/lang/ClassNotFoundException'{0x00000007bb7c3af8}: com/aventstack/extentreports/model/CategoryBeanInfo> (0x00000007bb7c3af8) 
thrown [s\src\hotspot\share\classfile\systemDictionary.cpp, line 256]
Event: 1559.392 Thread 0x00000296d4bd0fb0 Exception <a 'java/lang/ClassNotFoundException'{0x00000007bb7cc748}: com/aventstack/extentreports/model/CategoryCustomizer> (0x00000007bb7cc748) 
thrown [s\src\hotspot\share\classfile\systemDictionary.cpp, line 256]
Event: 1559.394 Thread 0x00000296d4bd0fb0 Exception <a 'java/lang/ClassNotFoundException'{0x00000007bb7da368}: com/aventstack/extentreports/model/SystemEnvInfoBeanInfo> (0x00000007bb7da368) 
thrown [s\src\hotspot\share\classfile\systemDictionary.cpp, line 256]
Event: 1559.395 Thread 0x00000296d4bd0fb0 Exception <a 'java/lang/ClassNotFoundException'{0x00000007bb7e2908}: com/aventstack/extentreports/model/NameValuePairBeanInfo> (0x00000007bb7e2908) 
thrown [s\src\hotspot\share\classfile\systemDictionary.cpp, line 256]
Event: 1559.396 Thread 0x00000296d4bd0fb0 Exception <a 'java/lang/ClassNotFoundException'{0x00000007bb7eaf18}: com/aventstack/extentreports/model/NameValuePairCustomizer> (0x00000007bb7eaf18) 
thrown [s\src\hotspot\share\classfile\systemDictionary.cpp, line 256]
Event: 1559.397 Thread 0x00000296d4bd0fb0 Exception <a 'java/lang/ClassNotFoundException'{0x00000007bb7f6120}: com/aventstack/extentreports/model/SystemEnvInfoCustomizer> (0x00000007bb7f6120) 
thrown [s\src\hotspot\share\classfile\systemDictionary.cpp, line 256]
Event: 1559.419 Thread 0x00000296d4bd0fb0 Exception <a 'java/lang/ClassNotFoundException'{0x00000007bb4936b0}: com/aventstack/extentreports/model/LogBeanInfo> (0x00000007bb4936b0) 
thrown [s\src\hotspot\share\classfile\systemDictionary.cpp, line 256]
Event: 1559.419 Thread 0x00000296d4bd0fb0 Exception <a 'java/lang/ClassNotFoundException'{0x00000007bb49c170}: com/aventstack/extentreports/model/LogCustomizer> (0x00000007bb49c170) 
thrown [s\src\hotspot\share\classfile\systemDictionary.cpp, line 256]
Event: 1559.423 Thread 0x00000296d4bd0fb0 Exception <a 'java/lang/ClassNotFoundException'{0x00000007bb4b82b0}: com/aventstack/extentreports/model/ScreenCaptureBeanInfo> (0x00000007bb4b82b0) 
thrown [s\src\hotspot\share\classfile\systemDictionary.cpp, line 256]
Event: 1559.423 Thread 0x00000296d4bd0fb0 Exception <a 'java/lang/ClassNotFoundException'{0x00000007bb4c0da8}: com/aventstack/extentreports/model/MediaBeanInfo> (0x00000007bb4c0da8) 
thrown [s\src\hotspot\share\classfile\systemDictionary.cpp, line 256]
Event: 1559.425 Thread 0x00000296d4bd0fb0 Exception <a 'java/lang/ClassNotFoundException'{0x00000007bb4c9908}: com/aventstack/extentreports/model/MediaCustomizer> (0x00000007bb4c9908) 
thrown [s\src\hotspot\share\classfile\systemDictionary.cpp, line 256]
Event: 1559.427 Thread 0x00000296d4bd0fb0 Exception <a 'java/lang/ClassNotFoundException'{0x00000007bb4da658}: com/aventstack/extentreports/model/ScreenCaptureCustomizer> (0x00000007bb4da658) 
thrown [s\src\hotspot\share\classfile\systemDictionary.cpp, line 256]

VM Operations (20 events):
Event: 1456.135 Executing VM operation: Cleanup done
Event: 1488.169 Executing VM operation: G1CollectForAllocation
Event: 1488.202 Executing VM operation: G1CollectForAllocation done
Event: 1503.165 Executing VM operation: HandshakeAllThreads
Event: 1503.165 Executing VM operation: HandshakeAllThreads done
Event: 1515.255 Executing VM operation: Cleanup
Event: 1515.255 Executing VM operation: Cleanup done
Event: 1558.593 Executing VM operation: Cleanup
Event: 1558.593 Executing VM operation: Cleanup done
Event: 1559.284 Executing VM operation: HandshakeAllThreads
Event: 1559.284 Executing VM operation: HandshakeAllThreads done
Event: 1559.377 Executing VM operation: HandshakeAllThreads
Event: 1559.377 Executing VM operation: HandshakeAllThreads done
Event: 1559.790 Executing VM operation: G1TryInitiateConcMark
Event: 1559.805 Executing VM operation: G1TryInitiateConcMark done
Event: 1560.132 Executing VM operation: G1TryInitiateConcMark
Event: 1560.144 Executing VM operation: G1TryInitiateConcMark done
Event: 1560.521 Executing VM operation: G1TryInitiateConcMark
Event: 1560.529 Executing VM operation: G1TryInitiateConcMark done
Event: 1563.359 Executing VM operation: HandshakeAllThreads

Events (20 events):
Event: 1559.356 loading class java/util/AbstractMapBeanInfo
Event: 1559.356 loading class java/util/AbstractMapBeanInfo done
Event: 1559.356 loading class java/util/AbstractMapBeanInfo
Event: 1559.356 loading class java/util/AbstractMapBeanInfo done
Event: 1559.356 loading class java/util/AbstractMapCustomizer
Event: 1559.356 loading class java/util/AbstractMapCustomizer done
Event: 1559.356 loading class java/util/AbstractMapCustomizer
Event: 1559.356 loading class java/util/AbstractMapCustomizer done
Event: 1559.357 loading class java/util/concurrent/ConcurrentHashMapCustomizer
Event: 1559.357 loading class java/util/concurrent/ConcurrentHashMapCustomizer done
Event: 1559.357 loading class java/util/concurrent/ConcurrentHashMapCustomizer
Event: 1559.357 loading class java/util/concurrent/ConcurrentHashMapCustomizer done
Event: 1559.361 loading class sun/reflect/generics/tree/DoubleSignature
Event: 1559.361 loading class sun/reflect/generics/tree/DoubleSignature done
Event: 1559.375 loading class java/util/ArrayList$ListItr
Event: 1559.376 loading class java/util/ArrayList$ListItr done
Event: 1559.378 loading class java/util/regex/PatternSyntaxException
Event: 1559.379 loading class java/util/regex/PatternSyntaxException done
Event: 1559.741 Thread 0x00000296f6443100 Thread exited: 0x00000296f6443100
Event: 1560.307 Thread 0x00000296f6446b70 Thread exited: 0x00000296f6446b70


Dynamic libraries:
0x00007ff6770b0000 - 0x00007ff6770be000 	C:\Users\RBT\.p2\pool\plugins\org.eclipse.justj.openjdk.hotspot.jre.full.win32.x86_64_17.0.11.v20240426-1830\jre\bin\javaw.exe
0x00007ffd98ac0000 - 0x00007ffd98d20000 	C:\WINDOWS\SYSTEM32\ntdll.dll
0x00007ffd97360000 - 0x00007ffd97427000 	C:\WINDOWS\System32\KERNEL32.DLL
0x00007ffd95cd0000 - 0x00007ffd9609a000 	C:\WINDOWS\System32\KERNELBASE.dll
0x00007ffd960a0000 - 0x00007ffd961eb000 	C:\WINDOWS\System32\ucrtbase.dll
0x00007ffd72450000 - 0x00007ffd7246b000 	C:\Users\RBT\.p2\pool\plugins\org.eclipse.justj.openjdk.hotspot.jre.full.win32.x86_64_17.0.11.v20240426-1830\jre\bin\VCRUNTIME140.dll
0x00007ffd65220000 - 0x00007ffd65237000 	C:\Users\RBT\.p2\pool\plugins\org.eclipse.justj.openjdk.hotspot.jre.full.win32.x86_64_17.0.11.v20240426-1830\jre\bin\jli.dll
0x00007ffd988b0000 - 0x00007ffd98a7c000 	C:\WINDOWS\System32\USER32.dll
0x00007ffd7bfc0000 - 0x00007ffd7c257000 	C:\WINDOWS\WinSxS\amd64_microsoft.windows.common-controls_6595b64144ccf1df_6.0.26100.3624_none_3e086962e3345f24\COMCTL32.dll
0x00007ffd95ca0000 - 0x00007ffd95cc7000 	C:\WINDOWS\System32\win32u.dll
0x00007ffd972b0000 - 0x00007ffd97359000 	C:\WINDOWS\System32\msvcrt.dll
0x00007ffd970c0000 - 0x00007ffd970ea000 	C:\WINDOWS\System32\GDI32.dll
0x00007ffd96780000 - 0x00007ffd968b1000 	C:\WINDOWS\System32\gdi32full.dll
0x00007ffd96280000 - 0x00007ffd96323000 	C:\WINDOWS\System32\msvcp_win.dll
0x00007ffd975d0000 - 0x00007ffd975ff000 	C:\WINDOWS\System32\IMM32.DLL
0x00007ffd7d1f0000 - 0x00007ffd7d1fc000 	C:\Users\RBT\.p2\pool\plugins\org.eclipse.justj.openjdk.hotspot.jre.full.win32.x86_64_17.0.11.v20240426-1830\jre\bin\vcruntime140_1.dll
0x00007ffd0a030000 - 0x00007ffd0a0bd000 	C:\Users\RBT\.p2\pool\plugins\org.eclipse.justj.openjdk.hotspot.jre.full.win32.x86_64_17.0.11.v20240426-1830\jre\bin\msvcp140.dll
0x00007ffd07010000 - 0x00007ffd07c72000 	C:\Users\RBT\.p2\pool\plugins\org.eclipse.justj.openjdk.hotspot.jre.full.win32.x86_64_17.0.11.v20240426-1830\jre\bin\server\jvm.dll
0x00007ffd970f0000 - 0x00007ffd971a2000 	C:\WINDOWS\System32\ADVAPI32.dll
0x00007ffd96cf0000 - 0x00007ffd96d96000 	C:\WINDOWS\System32\sechost.dll
0x00007ffd97ec0000 - 0x00007ffd97fd6000 	C:\WINDOWS\System32\RPCRT4.dll
0x00007ffd95560000 - 0x00007ffd955be000 	C:\WINDOWS\SYSTEM32\POWRPROF.dll
0x00007ffd8c220000 - 0x00007ffd8c256000 	C:\WINDOWS\SYSTEM32\WINMM.dll
0x00007ffd6cbe0000 - 0x00007ffd6cbea000 	C:\WINDOWS\SYSTEM32\WSOCK32.dll
0x00007ffd82510000 - 0x00007ffd8251b000 	C:\WINDOWS\SYSTEM32\VERSION.dll
0x00007ffd980c0000 - 0x00007ffd98134000 	C:\WINDOWS\System32\WS2_32.dll
0x00007ffd95500000 - 0x00007ffd95514000 	C:\WINDOWS\SYSTEM32\UMPDC.dll
0x00007ffd94ab0000 - 0x00007ffd94aca000 	C:\WINDOWS\SYSTEM32\kernel.appcore.dll
0x00007ffd8dbb0000 - 0x00007ffd8dbba000 	C:\Users\RBT\.p2\pool\plugins\org.eclipse.justj.openjdk.hotspot.jre.full.win32.x86_64_17.0.11.v20240426-1830\jre\bin\jimage.dll
0x00007ffd934a0000 - 0x00007ffd936e1000 	C:\WINDOWS\SYSTEM32\DBGHELP.DLL
0x00007ffd968e0000 - 0x00007ffd96c62000 	C:\WINDOWS\System32\combase.dll
0x00007ffd98160000 - 0x00007ffd98236000 	C:\WINDOWS\System32\OLEAUT32.dll
0x00007ffd6bb90000 - 0x00007ffd6bbc9000 	C:\WINDOWS\SYSTEM32\dbgcore.DLL
0x00007ffd96560000 - 0x00007ffd965f9000 	C:\WINDOWS\System32\bcryptPrimitives.dll
0x00007ffd7d230000 - 0x00007ffd7d255000 	C:\Users\RBT\.p2\pool\plugins\org.eclipse.justj.openjdk.hotspot.jre.full.win32.x86_64_17.0.11.v20240426-1830\jre\bin\java.dll
0x00007ffd7cde0000 - 0x00007ffd7cdf8000 	C:\Users\RBT\.p2\pool\plugins\org.eclipse.justj.openjdk.hotspot.jre.full.win32.x86_64_17.0.11.v20240426-1830\jre\bin\zip.dll
0x00007ffd97610000 - 0x00007ffd97d39000 	C:\WINDOWS\System32\SHELL32.dll
0x00007ffd96330000 - 0x00007ffd96498000 	C:\WINDOWS\System32\wintypes.dll
0x00007ffd93960000 - 0x00007ffd941b2000 	C:\WINDOWS\SYSTEM32\windows.storage.dll
0x00007ffd96e30000 - 0x00007ffd96f1d000 	C:\WINDOWS\System32\SHCORE.dll
0x00007ffd97fe0000 - 0x00007ffd98044000 	C:\WINDOWS\System32\shlwapi.dll
0x00007ffd95bb0000 - 0x00007ffd95bdf000 	C:\WINDOWS\SYSTEM32\profapi.dll
0x00007ffd7cdc0000 - 0x00007ffd7cdd9000 	C:\Users\RBT\.p2\pool\plugins\org.eclipse.justj.openjdk.hotspot.jre.full.win32.x86_64_17.0.11.v20240426-1830\jre\bin\net.dll
0x00007ffd8c060000 - 0x00007ffd8c17d000 	C:\WINDOWS\SYSTEM32\WINHTTP.dll
0x00007ffd94fd0000 - 0x00007ffd9503a000 	C:\WINDOWS\system32\mswsock.dll
0x00007ffd7cda0000 - 0x00007ffd7cdb6000 	C:\Users\RBT\.p2\pool\plugins\org.eclipse.justj.openjdk.hotspot.jre.full.win32.x86_64_17.0.11.v20240426-1830\jre\bin\nio.dll
0x00007ffd945d0000 - 0x00007ffd946f5000 	C:\WINDOWS\SYSTEM32\DNSAPI.dll
0x00007ffd94590000 - 0x00007ffd945c3000 	C:\WINDOWS\SYSTEM32\IPHLPAPI.DLL
0x00007ffd968d0000 - 0x00007ffd968da000 	C:\WINDOWS\System32\NSI.dll
0x00007ffd8c260000 - 0x00007ffd8c26b000 	C:\Windows\System32\rasadhlp.dll
0x00007ffd8fe50000 - 0x00007ffd8fed5000 	C:\WINDOWS\System32\fwpuclnt.dll
0x00007ffd7cd90000 - 0x00007ffd7cd99000 	C:\Users\RBT\.p2\pool\plugins\org.eclipse.justj.openjdk.hotspot.jre.full.win32.x86_64_17.0.11.v20240426-1830\jre\bin\extnet.dll
0x00007ffd8dba0000 - 0x00007ffd8dbb0000 	C:\Users\RBT\.p2\pool\plugins\org.eclipse.justj.openjdk.hotspot.jre.full.win32.x86_64_17.0.11.v20240426-1830\jre\bin\verify.dll
0x00007ffd95270000 - 0x00007ffd9528c000 	C:\WINDOWS\SYSTEM32\CRYPTSP.dll
0x00007ffd94a10000 - 0x00007ffd94a4a000 	C:\WINDOWS\system32\rsaenh.dll
0x00007ffd95070000 - 0x00007ffd9509b000 	C:\WINDOWS\SYSTEM32\USERENV.dll
0x00007ffd95b80000 - 0x00007ffd95ba6000 	C:\WINDOWS\SYSTEM32\bcrypt.dll
0x00007ffd95290000 - 0x00007ffd9529c000 	C:\WINDOWS\SYSTEM32\CRYPTBASE.dll
0x00007ffd8eec0000 - 0x00007ffd8eedf000 	C:\WINDOWS\SYSTEM32\dhcpcsvc6.DLL
0x00007ffd8ee90000 - 0x00007ffd8eeb5000 	C:\WINDOWS\SYSTEM32\dhcpcsvc.DLL
0x00007ffd5e250000 - 0x00007ffd5e3e0000 	C:\Users\RBT\.p2\pool\plugins\org.eclipse.justj.openjdk.hotspot.jre.full.win32.x86_64_17.0.11.v20240426-1830\jre\bin\awt.dll
0x00007ffd92990000 - 0x00007ffd92a2c000 	C:\WINDOWS\SYSTEM32\apphelp.dll
0x00007ffd86520000 - 0x00007ffd8654d000 	C:\Users\RBT\.p2\pool\plugins\org.eclipse.justj.openjdk.hotspot.jre.full.win32.x86_64_17.0.11.v20240426-1830\jre\bin\javajpeg.dll
0x00007ffd907a0000 - 0x00007ffd907ae000 	C:\Users\RBT\.p2\pool\plugins\org.eclipse.justj.openjdk.hotspot.jre.full.win32.x86_64_17.0.11.v20240426-1830\jre\bin\sunmscapi.dll
0x00007ffd96600000 - 0x00007ffd96777000 	C:\WINDOWS\System32\CRYPT32.dll
0x00007ffd95520000 - 0x00007ffd95550000 	C:\WINDOWS\SYSTEM32\ncrypt.dll
0x00007ffd954b0000 - 0x00007ffd954ef000 	C:\WINDOWS\SYSTEM32\NTASN1.dll
0x00007ffd64f30000 - 0x00007ffd64f38000 	C:\WINDOWS\system32\wshunix.dll

dbghelp: loaded successfully - version: 4.0.5 - missing functions: none
symbol engine: initialized successfully - sym options: 0x614 - pdb path: .;C:\Users\RBT\.p2\pool\plugins\org.eclipse.justj.openjdk.hotspot.jre.full.win32.x86_64_17.0.11.v20240426-1830\jre\bin;C:\WINDOWS\SYSTEM32;C:\WINDOWS\WinSxS\amd64_microsoft.windows.common-controls_6595b64144ccf1df_6.0.26100.3624_none_3e086962e3345f24;C:\Users\RBT\.p2\pool\plugins\org.eclipse.justj.openjdk.hotspot.jre.full.win32.x86_64_17.0.11.v20240426-1830\jre\bin\server

VM Arguments:
jvm_args: -ea -Dfile.encoding=UTF-8 -Dstdout.encoding=UTF-8 -Dstderr.encoding=UTF-8 -XX:+ShowCodeDetailsInExceptionMessages 
java_command: org.testng.remote.RemoteTestNG -serport 57349 -protocol json -d D:\AutomationFramework_SVM_2025_April\LRP_Automation_Test_Scripts_V8.1\test-output D:\AutomationFramework_SVM_2025_April\LRP_Automation_Test_Scripts_V8.1\testng.xml
java_class_path (initial): C:\Users\RBT\eclipse\java-2024-03\eclipse\configuration\org.eclipse.osgi\531\0\.cp\lib\testng-remote.jar;D:\AutomationFramework_SVM_2025_April\LRP_Automation_Test_Scripts_V8.1\target\test-classes;D:\AutomationFramework_SVM_2025_April\LRP_Automation_Test_Scripts_V8.1\target\classes;C:\Users\RBT\.p2\pool\plugins\org.testng_7.11.0.r202503091654.jar;C:\Users\RBT\.p2\pool\plugins\com.beust.jcommander_1.83.0.jar;C:\Users\RBT\.p2\pool\plugins\slf4j.api_2.0.13.jar;C:\Users\RBT\.p2\pool\plugins\org.yaml.snakeyaml_2.2.0.jar;C:\Users\RBT\.p2\pool\plugins\org.webjars.jquery_3.7.1.jar;C:\Users\RBT\.m2\repository\org\seleniumhq\selenium\selenium-chrome-driver\4.27.0\selenium-chrome-driver-4.27.0.jar;C:\Users\RBT\.m2\repository\com\google\auto\service\auto-service-annotations\1.1.1\auto-service-annotations-1.1.1.jar;C:\Users\RBT\.m2\repository\org\seleniumhq\selenium\selenium-api\4.27.0\selenium-api-4.27.0.jar;C:\Users\RBT\.m2\repository\org\jspecify\jspecify\1.0.0\jspecify-1.0.0.jar;C:\Users\RBT\.m2\repository\org\seleniumhq\selenium\selenium-chromium-driver\4.27.0\selenium-chromium-driver-4.27.0.jar;C:\Users\RBT\.m2\repository\org\seleniumhq\selenium\selenium-json\4.27.0\selenium-json-4.27.0.jar;C:\Users\RBT\.m2\repository\org\seleniumhq\selenium\selenium-manager\4.27.0\selenium-manager-4.27.0.jar;C:\Users\RBT\.m2\repository\org\seleniumhq\selenium\selenium-os\4.27.0\selenium-os-4.27.0.jar;C:\Users\RBT\.m2\repository\org\seleniumhq\selenium\selenium-remote-driver\4.27.0\selenium-remote-driver-4.27.0.jar;C:\Users\RBT\.m2\repository\io\opentelemetry\semconv\opentelemetry-semconv\1.25.0-alpha\opentelemetry-semconv-1.25.0-alpha.jar;C:\Users\RBT\.m2\repository\io\opentelemetry\opentelemetry-api\1.44.1\opentelemetry-api-1.44.1.jar;C:\Users\RBT\.m2\repository\io\opentelemetry\opentelemetry-context\1.44.1\opentelemetry-context-1.44.1.jar;C:\Users\RBT\.m2\repository\io\opentelemetry\opentelemetry-exporter-logging\1.44.1\opentelemetry-exporter-logging-1.44.1.j
Launcher Type: SUN_STANDARD

[Global flags]
     intx CICompilerCount                          = 4                                         {product} {ergonomic}
     uint ConcGCThreads                            = 2                                         {product} {ergonomic}
     uint G1ConcRefinementThreads                  = 8                                         {product} {ergonomic}
   size_t G1HeapRegionSize                         = 2097152                                   {product} {ergonomic}
    uintx GCDrainStackTargetSize                   = 64                                        {product} {ergonomic}
   size_t InitialHeapSize                          = 197132288                                 {product} {ergonomic}
   size_t MarkStackSize                            = 4194304                                   {product} {ergonomic}
   size_t MaxHeapSize                              = 3141533696                                {product} {ergonomic}
   size_t MaxNewSize                               = 1883242496                                {product} {ergonomic}
   size_t MinHeapDeltaBytes                        = 2097152                                   {product} {ergonomic}
   size_t MinHeapSize                              = 8388608                                   {product} {ergonomic}
    uintx NonNMethodCodeHeapSize                   = 5839372                                {pd product} {ergonomic}
    uintx NonProfiledCodeHeapSize                  = 122909434                              {pd product} {ergonomic}
    uintx ProfiledCodeHeapSize                     = 122909434                              {pd product} {ergonomic}
    uintx ReservedCodeCacheSize                    = 251658240                              {pd product} {ergonomic}
     bool SegmentedCodeCache                       = true                                      {product} {ergonomic}
     bool ShowCodeDetailsInExceptionMessages       = true                                   {manageable} {command line}
   size_t SoftMaxHeapSize                          = 3141533696                             {manageable} {ergonomic}
     bool UseCompressedClassPointers               = true                           {product lp64_product} {ergonomic}
     bool UseCompressedOops                        = true                           {product lp64_product} {ergonomic}
     bool UseG1GC                                  = true                                      {product} {ergonomic}
     bool UseLargePagesIndividualAllocation        = false                                  {pd product} {ergonomic}

Logging:
Log output configuration:
 #0: stdout all=warning uptime,level,tags
 #1: stderr all=off uptime,level,tags

Environment Variables:
JAVA_HOME=C:\Program Files\Java\jdk-17
PATH=C:/Users/RBT/.p2/pool/plugins/org.eclipse.justj.openjdk.hotspot.jre.full.win32.x86_64_17.0.11.v20240426-1830/jre/bin/server;C:/Users/RBT/.p2/pool/plugins/org.eclipse.justj.openjdk.hotspot.jre.full.win32.x86_64_17.0.11.v20240426-1830/jre/bin;C:\Program Files\Common Files\Oracle\Java\javapath;C:\Program Files (x86)\Common Files\Oracle\Java\java8path;C:\Program Files (x86)\Common Files\Oracle\Java\javapath;C:\WINDOWS\system32;C:\WINDOWS;C:\WINDOWS\System32\Wbem;C:\WINDOWS\System32\WindowsPowerShell\v1.0\;C:\WINDOWS\System32\OpenSSH\;C:\Program Files\Java\jdk-17\bin;C:\Program Files\Maven\apache-maven-3.9.7\bin;?C:\Program Files\Java\jre1.8.0_431\bin\javaws.exe;C:\Program Files\Git\cmd;C:\Users\RBT\AppData\Local\Microsoft\WindowsApps;;C:\Users\RBT\Desktop;
USERNAME=RBT
OS=Windows_NT
PROCESSOR_IDENTIFIER=Intel64 Family 6 Model 140 Stepping 1, GenuineIntel
TMP=C:\Users\RBT\AppData\Local\Temp
TEMP=C:\Users\RBT\AppData\Local\Temp



Periodic native trim disabled


---------------  S Y S T E M  ---------------

OS:
 Windows 11 , 64 bit Build 26100 (10.0.26100.3775)
OS uptime: 6 days 6:30 hours

CPU: total 8 (initial active 8) (4 cores per cpu, 2 threads per core) family 6 model 140 stepping 1 microcode 0xb6, cx8, cmov, fxsr, ht, mmx, 3dnowpref, sse, sse2, sse3, ssse3, sse4.1, sse4.2, popcnt, lzcnt, tsc, tscinvbit, avx, avx2, aes, erms, clmul, bmi1, bmi2, adx, avx512f, avx512dq, avx512cd, avx512bw, avx512vl, sha, fma, vzeroupper, avx512_vpopcntdq, avx512_vpclmulqdq, avx512_vaes, avx512_vnni, clflush, clflushopt, clwb, avx512_vbmi2, avx512_vbmi
Processor Information for all 8 processors :
  Max Mhz: 2419, Current Mhz: 2419, Mhz Limit: 2419

Memory: 4k page, system-wide physical 11982M (915M free)
TotalPageFile size 42328M (AvailPageFile size 159M)
current process WorkingSet (physical memory assigned to process): 1222M, peak: 1447M
current process commit charge ("private bytes"): 2867M, peak: 2869M

vm_info: OpenJDK 64-Bit Server VM (17.0.11+9) for windows-amd64 JRE (17.0.11+9), built on Apr 17 2024 06:07:48 by "admin" with MS VC++ 16.10 / 16.11 (VS2019)

END.
